Country Name,Country Code,Series Name,Series Code,2019 [YR2019],2020 [YR2020]
Afghanistan,AFG,CO2 emissions (kt),EN.ATM.CO2E.KT,11238.83,8709.47
Afghanistan,AFG,GDP (constant 2015 US$),NY.GDP.MKTP.KD,22071985906.2168,21553051296.9328
Afghanistan,AFG,"Population, total",SP.POP.TOTL,37769499,38972230
Afghanistan,AFG,Urban land area (sq. km),AG.LND.TOTL.UR.K2,..,..
Albania,ALB,CO2 emissions (kt),EN.ATM.CO2E.KT,4993.3,4383.2
Albania,ALB,GDP (constant 2015 US$),NY.GDP.MKTP.KD,12967696347.088,12539492375.1873
Albania,ALB,"Population, total",SP.POP.TOTL,2854191,2837849
Albania,ALB,Urban land area (sq. km),AG.LND.TOTL.UR.K2,..,..
Algeria,DZA,CO2 emissions (kt),EN.ATM.CO2E.KT,170582.4,161563
Algeria,DZA,GDP (constant 2015 US$),NY.GDP.MKTP.KD,177355540257.925,168310407704.439
Algeria,DZA,"Population, total",SP.POP.TOTL,42705368,43451666
Algeria,DZA,Urban land area (sq. km),AG.LND.TOTL.UR.K2,..,..
American Samoa,ASM,CO2 emissions (kt),EN.ATM.CO2E.KT,..,..
American Samoa,ASM,GDP (constant 2015 US$),NY.GDP.MKTP.KD,628818320.610687,660670229.007634
American Samoa,ASM,"Population, total",SP.POP.TOTL,47321,46189
American Samoa,ASM,Urban land area (sq. km),AG.LND.TOTL.UR.K2,..,..
Andorra,AND,CO2 emissions (kt),EN.ATM.CO2E.KT,479.984,448.884399
Andorra,AND,GDP (constant 2015 US$),NY.GDP.MKTP.KD,3008967037.09274,2672445970.98414
Andorra,AND,"Population, total",SP.POP.TOTL,76343,77700
Andorra,AND,Urban land area (sq. km),AG.LND.TOTL.UR.K2,..,..
Angola,AGO,CO2 emissions (kt),EN.ATM.CO2E.KT,24382.9,19814.5
Angola,AGO,GDP (constant 2015 US$),NY.GDP.MKTP.KD,83139068488.845,78451509293.6061
Angola,AGO,"Population, total",SP.POP.TOTL,32353588,33428486
Angola,AGO,Urban land area (sq. km),AG.LND.TOTL.UR.K2,..,..
Antigua and Barbuda,ATG,CO2 emissions (kt),EN.ATM.CO2E.KT,509,474.6
Antigua and Barbuda,ATG,GDP (constant 2015 US$),NY.GDP.MKTP.KD,1621256318.17727,1337501037.50621
Antigua and Barbuda,ATG,"Population, total",SP.POP.TOTL,92117,92664
Antigua and Barbuda,ATG,Urban land area (sq. km),AG.LND.TOTL.UR.K2,..,..
Argentina,ARG,CO2 emissions (kt),EN.ATM.CO2E.KT,168162,154535.9
Argentina,ARG,GDP (constant 2015 US$),NY.GDP.MKTP.KD,571450737224.442,514630046744.607
Argentina,ARG,"Population, total",SP.POP.TOTL,44938712,45376763
Argentina,ARG,Urban land area (sq. km),AG.LND.TOTL.UR.K2,..,..
Armenia,ARM,CO2 emissions (kt),EN.ATM.CO2E.KT,6195.6,6746.6
Armenia,ARM,GDP (constant 2015 US$),NY.GDP.MKTP.KD,12867495509.0601,11941035832.5099
Armenia,ARM,"Population, total",SP.POP.TOTL,2820602,2805608
Armenia,ARM,Urban land area (sq. km),AG.LND.TOTL.UR.K2,..,..
Aruba,ABW,CO2 emissions (kt),EN.ATM.CO2E.KT,..,..
Aruba,ABW,GDP (constant 2015 US$),NY.GDP.MKTP.KD,3380888928.20317,2752412130.16594
Aruba,ABW,"Population, total",SP.POP.TOTL,106442,106585
Aruba,ABW,Urban land area (sq. km),AG.LND.TOTL.UR.K2,..,..
Australia,AUS,CO2 emissions (kt),EN.ATM.CO2E.KT,395199.1,378996.8
Australia,AUS,GDP (constant 2015 US$),NY.GDP.MKTP.KD,1491740073728.97,1490980996778.96
Australia,AUS,"Population, total",SP.POP.TOTL,25340217,25655289
Australia,AUS,Urban land area (sq. km),AG.LND.TOTL.UR.K2,..,..
Austria,AUT,CO2 emissions (kt),EN.ATM.CO2E.KT,64497.8,59142.4
Austria,AUT,GDP (constant 2015 US$),NY.GDP.MKTP.KD,414222347188.812,387488567518.429
Austria,AUT,"Population, total",SP.POP.TOTL,8879920,8916864
Austria,AUT,Urban land area (sq. km),AG.LND.TOTL.UR.K2,..,..
Azerbaijan,AZE,CO2 emissions (kt),EN.ATM.CO2E.KT,35521,34305
Azerbaijan,AZE,GDP (constant 2015 US$),NY.GDP.MKTP.KD,53614417869.0268,51308997845.8071
Azerbaijan,AZE,"Population, total",SP.POP.TOTL,10024283,10093121
Azerbaijan,AZE,Urban land area (sq. km),AG.LND.TOTL.UR.K2,..,..
"Bahamas, The",BHS,CO2 emissions (kt),EN.ATM.CO2E.KT,2622.7,2456
"Bahamas, The",BHS,GDP (constant 2015 US$),NY.GDP.MKTP.KD,12039754436.8498,9209427736.91217
"Bahamas, The",BHS,"Population, total",SP.POP.TOTL,404557,406471
"Bahamas, The",BHS,Urban land area (sq. km),AG.LND.TOTL.UR.K2,..,..
Bahrain,BHR,CO2 emissions (kt),EN.ATM.CO2E.KT,32966.8,32470.2
Bahrain,BHR,GDP (constant 2015 US$),NY.GDP.MKTP.KD,34985245170.2699,33360307403.029
Bahrain,BHR,"Population, total",SP.POP.TOTL,1494188,1477469
Bahrain,BHR,Urban land area (sq. km),AG.LND.TOTL.UR.K2,..,..
Bangladesh,BGD,CO2 emissions (kt),EN.ATM.CO2E.KT,92645,85493.1
Bangladesh,BGD,GDP (constant 2015 US$),NY.GDP.MKTP.KD,257868370602.064,266759738105.963
Bangladesh,BGD,"Population, total",SP.POP.TOTL,165516222,167420951
Bangladesh,BGD,Urban land area (sq. km),AG.LND.TOTL.UR.K2,..,..
Barbados,BRB,CO2 emissions (kt),EN.ATM.CO2E.KT,1167.27,1096.07
Barbados,BRB,GDP (constant 2015 US$),NY.GDP.MKTP.KD,4810171058.54138,4169888153.51001
Barbados,BRB,"Population, total",SP.POP.TOTL,280180,280693
Barbados,BRB,Urban land area (sq. km),AG.LND.TOTL.UR.K2,..,..
Belarus,BLR,CO2 emissions (kt),EN.ATM.CO2E.KT,57681.2,54801.5
Belarus,BLR,GDP (constant 2015 US$),NY.GDP.MKTP.KD,59040836991.9021,58643548764.1926
Belarus,BLR,"Population, total",SP.POP.TOTL,9419758,9379952
Belarus,BLR,Urban land area (sq. km),AG.LND.TOTL.UR.K2,..,..
Belgium,BEL,CO2 emissions (kt),EN.ATM.CO2E.KT,92989.4,85364.1
Belgium,BEL,GDP (constant 2015 US$),NY.GDP.MKTP.KD,495257928942.422,468699296976.953
Belgium,BEL,"Population, total",SP.POP.TOTL,11488980,11538604
Belgium,BEL,Urban land area (sq. km),AG.LND.TOTL.UR.K2,..,..
Belize,BLZ,CO2 emissions (kt),EN.ATM.CO2E.KT,736.2,687.6
Belize,BLZ,GDP (constant 2015 US$),NY.GDP.MKTP.KD,2298519909.50226,1990450226.24434
Belize,BLZ,"Population, total",SP.POP.TOTL,389095,394921
Belize,BLZ,Urban land area (sq. km),AG.LND.TOTL.UR.K2,..,..
Benin,BEN,CO2 emissions (kt),EN.ATM.CO2E.KT,7475.5,7980.4
Benin,BEN,GDP (constant 2015 US$),NY.GDP.MKTP.KD,14179807375.1013,14725558723.7316
Benin,BEN,"Population, total",SP.POP.TOTL,12290444,12643123
Benin,BEN,Urban land area (sq. km),AG.LND.TOTL.UR.K2,..,..
Bermuda,BMU,CO2 emissions (kt),EN.ATM.CO2E.KT,..,..
Bermuda,BMU,GDP (constant 2015 US$),NY.GDP.MKTP.KD,6840793088.0543,6373022721.95909
Bermuda,BMU,"Population, total",SP.POP.TOTL,63911,63893
Bermuda,BMU,Urban land area (sq. km),AG.LND.TOTL.UR.K2,..,..
Bhutan,BTN,CO2 emissions (kt),EN.ATM.CO2E.KT,1433,1035.2
Bhutan,BTN,GDP (constant 2015 US$),NY.GDP.MKTP.KD,2470942799.28197,2223608854.47824
Bhutan,BTN,"Population, total",SP.POP.TOTL,767459,772506
Bhutan,BTN,Urban land area (sq. km),AG.LND.TOTL.UR.K2,..,..
Bolivia,BOL,CO2 emissions (kt),EN.ATM.CO2E.KT,21828.8,18375.3
Bolivia,BOL,GDP (constant 2015 US$),NY.GDP.MKTP.KD,38193230080.2463,34855949803.3644
Bolivia,BOL,"Population, total",SP.POP.TOTL,11777315,11936162
Bolivia,BOL,Urban land area (sq. km),AG.LND.TOTL.UR.K2,..,..
Bosnia and Herzegovina,BIH,CO2 emissions (kt),EN.ATM.CO2E.KT,21124.3,20946.8
Bosnia and Herzegovina,BIH,GDP (constant 2015 US$),NY.GDP.MKTP.KD,18679109173.5705,18115916259.2635
Bosnia and Herzegovina,BIH,"Population, total",SP.POP.TOTL,3360711,3318407
Bosnia and Herzegovina,BIH,Urban land area (sq. km),AG.LND.TOTL.UR.K2,..,..
Botswana,BWA,CO2 emissions (kt),EN.ATM.CO2E.KT,7198.3,5763.687
Botswana,BWA,GDP (constant 2015 US$),NY.GDP.MKTP.KD,16211718432.2851,14796524334.7371
Botswana,BWA,"Population, total",SP.POP.TOTL,2499702,2546402
Botswana,BWA,Urban land area (sq. km),AG.LND.TOTL.UR.K2,..,..
Brazil,BRA,CO2 emissions (kt),EN.ATM.CO2E.KT,434318,414138.8
Brazil,BRA,GDP (constant 2015 US$),NY.GDP.MKTP.KD,1819683008431.26,1760056385384.55
Brazil,BRA,"Population, total",SP.POP.TOTL,211782878,213196304
Brazil,BRA,Urban land area (sq. km),AG.LND.TOTL.UR.K2,..,..
British Virgin Islands,VGB,CO2 emissions (kt),EN.ATM.CO2E.KT,..,..
British Virgin Islands,VGB,GDP (constant 2015 US$),NY.GDP.MKTP.KD,..,..
British Virgin Islands,VGB,"Population, total",SP.POP.TOTL,30610,30910
British Virgin Islands,VGB,Urban land area (sq. km),AG.LND.TOTL.UR.K2,..,..
Brunei Darussalam,BRN,CO2 emissions (kt),EN.ATM.CO2E.KT,7057.8,9588
Brunei Darussalam,BRN,GDP (constant 2015 US$),NY.GDP.MKTP.KD,13278731816.5993,13429255981.6271
Brunei Darussalam,BRN,"Population, total",SP.POP.TOTL,438048,441725
Brunei Darussalam,BRN,Urban land area (sq. km),AG.LND.TOTL.UR.K2,..,..
Bulgaria,BGR,CO2 emissions (kt),EN.ATM.CO2E.KT,39159.9,34138.1
Bulgaria,BGR,GDP (constant 2015 US$),NY.GDP.MKTP.KD,57496412525.5276,55220351145.9042
Bulgaria,BGR,"Population, total",SP.POP.TOTL,6975761,6934015
Bulgaria,BGR,Urban land area (sq. km),AG.LND.TOTL.UR.K2,..,..
Burkina Faso,BFA,CO2 emissions (kt),EN.ATM.CO2E.KT,5646.5,5456.7
Burkina Faso,BFA,GDP (constant 2015 US$),NY.GDP.MKTP.KD,15001629079.6751,15291209259.6414
Burkina Faso,BFA,"Population, total",SP.POP.TOTL,20951639,21522626
Burkina Faso,BFA,Urban land area (sq. km),AG.LND.TOTL.UR.K2,..,..
Burundi,BDI,CO2 emissions (kt),EN.ATM.CO2E.KT,707.4,713.466
Burundi,BDI,GDP (constant 2015 US$),NY.GDP.MKTP.KD,3207836406.20224,3218331064.10969
Burundi,BDI,"Population, total",SP.POP.TOTL,11874838,12220227
Burundi,BDI,Urban land area (sq. km),AG.LND.TOTL.UR.K2,..,..
Cabo Verde,CPV,CO2 emissions (kt),EN.ATM.CO2E.KT,617.2,620.6
Cabo Verde,CPV,GDP (constant 2015 US$),NY.GDP.MKTP.KD,2129619506.14497,1718542827.56345
Cabo Verde,CPV,"Population, total",SP.POP.TOTL,577030,582640
Cabo Verde,CPV,Urban land area (sq. km),AG.LND.TOTL.UR.K2,..,..
Cambodia,KHM,CO2 emissions (kt),EN.ATM.CO2E.KT,18093.2,18652.8
Cambodia,KHM,GDP (constant 2015 US$),NY.GDP.MKTP.KD,23760061873.3006,23024448758.5057
Cambodia,KHM,"Population, total",SP.POP.TOTL,16207746,16396860
Cambodia,KHM,Urban land area (sq. km),AG.LND.TOTL.UR.K2,..,..
Cameroon,CMR,CO2 emissions (kt),EN.ATM.CO2E.KT,9557.3,9928.4
Cameroon,CMR,GDP (constant 2015 US$),NY.GDP.MKTP.KD,37502066832.977,37599547048.8231
Cameroon,CMR,"Population, total",SP.POP.TOTL,25782341,26491087
Cameroon,CMR,Urban land area (sq. km),AG.LND.TOTL.UR.K2,..,..
Canada,CAN,CO2 emissions (kt),EN.ATM.CO2E.KT,566001.8,516873.7
Canada,CAN,GDP (constant 2015 US$),NY.GDP.MKTP.KD,1696306781266.46,1610230109741.6
Canada,CAN,"Population, total",SP.POP.TOTL,37601230,38007166
Canada,CAN,Urban land area (sq. km),AG.LND.TOTL.UR.K2,..,..
Cayman Islands,CYM,CO2 emissions (kt),EN.ATM.CO2E.KT,..,..
Cayman Islands,CYM,GDP (constant 2015 US$),NY.GDP.MKTP.KD,5434269999.23381,5156680129.26772
Cayman Islands,CYM,"Population, total",SP.POP.TOTL,66134,67311
Cayman Islands,CYM,Urban land area (sq. km),AG.LND.TOTL.UR.K2,..,..
Central African Republic,CAF,CO2 emissions (kt),EN.ATM.CO2E.KT,235.4,236.6
Central African Republic,CAF,GDP (constant 2015 US$),NY.GDP.MKTP.KD,1986909345.67239,2004791529.72099
Central African Republic,CAF,"Population, total",SP.POP.TOTL,5209324,5343020
Central African Republic,CAF,Urban land area (sq. km),AG.LND.TOTL.UR.K2,..,..
Chad,TCD,CO2 emissions (kt),EN.ATM.CO2E.KT,1583.6,1568.4
Chad,TCD,GDP (constant 2015 US$),NY.GDP.MKTP.KD,10526057302.0509,10357639676.0717
Chad,TCD,"Population, total",SP.POP.TOTL,16126866,16644701
Chad,TCD,Urban land area (sq. km),AG.LND.TOTL.UR.K2,..,..
Channel Islands,CHI,CO2 emissions (kt),EN.ATM.CO2E.KT,..,..
Channel Islands,CHI,GDP (constant 2015 US$),NY.GDP.MKTP.KD,..,..
Channel Islands,CHI,"Population, total",SP.POP.TOTL,169410,171113
Channel Islands,CHI,Urban land area (sq. km),AG.LND.TOTL.UR.K2,..,..
Chile,CHL,CO2 emissions (kt),EN.ATM.CO2E.KT,91915.4,84827.8
Chile,CHL,GDP (constant 2015 US$),NY.GDP.MKTP.KD,262009482868.82,245908353358.331
Chile,CHL,"Population, total",SP.POP.TOTL,19039485,19300315
Chile,CHL,Urban land area (sq. km),AG.LND.TOTL.UR.K2,..,..
China,CHN,CO2 emissions (kt),EN.ATM.CO2E.KT,10762824,10944686.2
China,CHN,GDP (constant 2015 US$),NY.GDP.MKTP.KD,14296370418805.1,14616414450558.4
China,CHN,"Population, total",SP.POP.TOTL,1407745000,1411100000
China,CHN,Urban land area (sq. km),AG.LND.TOTL.UR.K2,..,..
Colombia,COL,CO2 emissions (kt),EN.ATM.CO2E.KT,79186.7,79057.6
Colombia,COL,GDP (constant 2015 US$),NY.GDP.MKTP.KD,321405606694.916,298096310853.83
Colombia,COL,"Population, total",SP.POP.TOTL,50187406,50930662
Colombia,COL,Urban land area (sq. km),AG.LND.TOTL.UR.K2,..,..
Comoros,COM,CO2 emissions (kt),EN.ATM.CO2E.KT,326.2,328.2
Comoros,COM,GDP (constant 2015 US$),NY.GDP.MKTP.KD,1092843847.53688,1090706716.78294
Comoros,COM,"Population, total",SP.POP.TOTL,790986,806166
Comoros,COM,Urban land area (sq. km),AG.LND.TOTL.UR.K2,..,..
"Congo, Dem. Rep.",COD,CO2 emissions (kt),EN.ATM.CO2E.KT,3031.2,3025.6
"Congo, Dem. Rep.",COD,GDP (constant 2015 US$),NY.GDP.MKTP.KD,44487659667.2388,45259708640.0973
"Congo, Dem. Rep.",COD,"Population, total",SP.POP.TOTL,89906890,92853164
"Congo, Dem. Rep.",COD,Urban land area (sq. km),AG.LND.TOTL.UR.K2,..,..
"Congo, Rep.",COG,CO2 emissions (kt),EN.ATM.CO2E.KT,7006.1,7153.9
"Congo, Rep.",COG,GDP (constant 2015 US$),NY.GDP.MKTP.KD,9647394773.65742,9045462977.5704
"Congo, Rep.",COG,"Population, total",SP.POP.TOTL,5570733,5702174
"Congo, Rep.",COG,Urban land area (sq. km),AG.LND.TOTL.UR.K2,..,..
Costa Rica,CRI,CO2 emissions (kt),EN.ATM.CO2E.KT,7956.4,6967.4
Costa Rica,CRI,GDP (constant 2015 US$),NY.GDP.MKTP.KD,64382494199.5001,61631202101.2625
Costa Rica,CRI,"Population, total",SP.POP.TOTL,5084532,5123105
Costa Rica,CRI,Urban land area (sq. km),AG.LND.TOTL.UR.K2,..,..
Cote d'Ivoire,CIV,CO2 emissions (kt),EN.ATM.CO2E.KT,10838.9,10894.9
Cote d'Ivoire,CIV,GDP (constant 2015 US$),NY.GDP.MKTP.KD,58898491241.329,59921923457.6817
Cote d'Ivoire,CIV,"Population, total",SP.POP.TOTL,26147551,26811790
Cote d'Ivoire,CIV,Urban land area (sq. km),AG.LND.TOTL.UR.K2,..,..
Croatia,HRV,CO2 emissions (kt),EN.ATM.CO2E.KT,16523.3,15626.9
Croatia,HRV,GDP (constant 2015 US$),NY.GDP.MKTP.KD,57774381400.8875,52817141298.3946
Croatia,HRV,"Population, total",SP.POP.TOTL,4065253,4047680
Croatia,HRV,Urban land area (sq. km),AG.LND.TOTL.UR.K2,..,..
Cuba,CUB,CO2 emissions (kt),EN.ATM.CO2E.KT,24418.5,24327.8
Cuba,CUB,GDP (constant 2015 US$),NY.GDP.MKTP.KD,91019611431.1927,81054474018.3486
Cuba,CUB,"Population, total",SP.POP.TOTL,11316697,11300698
Cuba,CUB,Urban land area (sq. km),AG.LND.TOTL.UR.K2,..,..
Curacao,CUW,CO2 emissions (kt),EN.ATM.CO2E.KT,..,..
Curacao,CUW,GDP (constant 2015 US$),NY.GDP.MKTP.KD,2801930229.981,2285297113.28628
Curacao,CUW,"Population, total",SP.POP.TOTL,157441,154947
Curacao,CUW,Urban land area (sq. km),AG.LND.TOTL.UR.K2,..,..
Cyprus,CYP,CO2 emissions (kt),EN.ATM.CO2E.KT,7191,6771.8
Cyprus,CYP,GDP (constant 2015 US$),NY.GDP.MKTP.KD,25012186912.4216,23918535496.3839
Cyprus,CYP,"Population, total",SP.POP.TOTL,1228836,1237537
Cyprus,CYP,Urban land area (sq. km),AG.LND.TOTL.UR.K2,..,..
Czechia,CZE,CO2 emissions (kt),EN.ATM.CO2E.KT,97712.9,88835.2
Czechia,CZE,GDP (constant 2015 US$),NY.GDP.MKTP.KD,215640347578.637,203773728339.855
Czechia,CZE,"Population, total",SP.POP.TOTL,10671870,10697858
Czechia,CZE,Urban land area (sq. km),AG.LND.TOTL.UR.K2,..,..
Denmark,DNK,CO2 emissions (kt),EN.ATM.CO2E.KT,29696.5,27356.5
Denmark,DNK,GDP (constant 2015 US$),NY.GDP.MKTP.KD,332602543274.049,325968427772.869
Denmark,DNK,"Population, total",SP.POP.TOTL,5814422,5831404
Denmark,DNK,Urban land area (sq. km),AG.LND.TOTL.UR.K2,..,..
Djibouti,DJI,CO2 emissions (kt),EN.ATM.CO2E.KT,428.27,427.7
Djibouti,DJI,GDP (constant 2015 US$),NY.GDP.MKTP.KD,3028730597.33671,3065136606.43585
Djibouti,DJI,"Population, total",SP.POP.TOTL,1073994,1090156
Djibouti,DJI,Urban land area (sq. km),AG.LND.TOTL.UR.K2,..,..
Dominica,DMA,CO2 emissions (kt),EN.ATM.CO2E.KT,174.1,162.8
Dominica,DMA,GDP (constant 2015 US$),NY.GDP.MKTP.KD,566874380.554411,472745391.132996
Dominica,DMA,"Population, total",SP.POP.TOTL,71428,71995
Dominica,DMA,Urban land area (sq. km),AG.LND.TOTL.UR.K2,..,..
Dominican Republic,DOM,CO2 emissions (kt),EN.ATM.CO2E.KT,25775.2,22881.3
Dominican Republic,DOM,GDP (constant 2015 US$),NY.GDP.MKTP.KD,89287393328.2525,83287066766.8301
Dominican Republic,DOM,"Population, total",SP.POP.TOTL,10881882,10999664
Dominican Republic,DOM,Urban land area (sq. km),AG.LND.TOTL.UR.K2,..,..
Ecuador,ECU,CO2 emissions (kt),EN.ATM.CO2E.KT,39631.4,34431
Ecuador,ECU,GDP (constant 2015 US$),NY.GDP.MKTP.KD,101702140245.144,93781977159.7812
Ecuador,ECU,"Population, total",SP.POP.TOTL,17343740,17588595
Ecuador,ECU,Urban land area (sq. km),AG.LND.TOTL.UR.K2,..,..
"Egypt, Arab Rep.",EGY,CO2 emissions (kt),EN.ATM.CO2E.KT,217908.3,210752.3
"Egypt, Arab Rep.",EGY,GDP (constant 2015 US$),NY.GDP.MKTP.KD,398080548973.052,412213064649.087
"Egypt, Arab Rep.",EGY,"Population, total",SP.POP.TOTL,105618671,107465134
"Egypt, Arab Rep.",EGY,Urban land area (sq. km),AG.LND.TOTL.UR.K2,..,..
El Salvador,SLV,CO2 emissions (kt),EN.ATM.CO2E.KT,7912.7,6376.3
El Salvador,SLV,GDP (constant 2015 US$),NY.GDP.MKTP.KD,25784348861.6191,23752958902.2354
El Salvador,SLV,"Population, total",SP.POP.TOTL,6280217,6292731
El Salvador,SLV,Urban land area (sq. km),AG.LND.TOTL.UR.K2,..,..
Equatorial Guinea,GNQ,CO2 emissions (kt),EN.ATM.CO2E.KT,4876.5,4350.4
Equatorial Guinea,GNQ,GDP (constant 2015 US$),NY.GDP.MKTP.KD,10051326715.2282,9625001570.05729
Equatorial Guinea,GNQ,"Population, total",SP.POP.TOTL,1553031,1596049
Equatorial Guinea,GNQ,Urban land area (sq. km),AG.LND.TOTL.UR.K2,..,..
Eritrea,ERI,CO2 emissions (kt),EN.ATM.CO2E.KT,697.2,706.4
Eritrea,ERI,GDP (constant 2015 US$),NY.GDP.MKTP.KD,..,..
Eritrea,ERI,"Population, total",SP.POP.TOTL,3498818,3555868
Eritrea,ERI,Urban land area (sq. km),AG.LND.TOTL.UR.K2,..,..
Estonia,EST,CO2 emissions (kt),EN.ATM.CO2E.KT,10060.7,7097.52
Estonia,EST,GDP (constant 2015 US$),NY.GDP.MKTP.KD,26895658710.6379,26747463292.8629
Estonia,EST,"Population, total",SP.POP.TOTL,1326898,1329522
Estonia,EST,Urban land area (sq. km),AG.LND.TOTL.UR.K2,..,..
Eswatini,SWZ,CO2 emissions (kt),EN.ATM.CO2E.KT,1169.5,1147.7
Eswatini,SWZ,GDP (constant 2015 US$),NY.GDP.MKTP.KD,4404836242.8606,4336136540.79741
Eswatini,SWZ,"Population, total",SP.POP.TOTL,1169613,1180655
Eswatini,SWZ,Urban land area (sq. km),AG.LND.TOTL.UR.K2,..,..
Ethiopia,ETH,CO2 emissions (kt),EN.ATM.CO2E.KT,17708,18098
Ethiopia,ETH,GDP (constant 2015 US$),NY.GDP.MKTP.KD,89640012689.1301,95071776944.6311
Ethiopia,ETH,"Population, total",SP.POP.TOTL,114120594,117190911
Ethiopia,ETH,Urban land area (sq. km),AG.LND.TOTL.UR.K2,..,..
Faroe Islands,FRO,CO2 emissions (kt),EN.ATM.CO2E.KT,..,..
Faroe Islands,FRO,GDP (constant 2015 US$),NY.GDP.MKTP.KD,2914932147.5775,2838306411.11484
Faroe Islands,FRO,"Population, total",SP.POP.TOTL,51681,52415
Faroe Islands,FRO,Urban land area (sq. km),AG.LND.TOTL.UR.K2,..,..
Fiji,FJI,CO2 emissions (kt),EN.ATM.CO2E.KT,1393.5,1028.2
Fiji,FJI,GDP (constant 2015 US$),NY.GDP.MKTP.KD,5215935127.8842,4329213903.88704
Fiji,FJI,"Population, total",SP.POP.TOTL,918465,920422
Fiji,FJI,Urban land area (sq. km),AG.LND.TOTL.UR.K2,..,..
Finland,FIN,CO2 emissions (kt),EN.ATM.CO2E.KT,40987.1,36329.9
Finland,FIN,GDP (constant 2015 US$),NY.GDP.MKTP.KD,254744159687.5,248745023487.891
Finland,FIN,"Population, total",SP.POP.TOTL,5521606,5529543
Finland,FIN,Urban land area (sq. km),AG.LND.TOTL.UR.K2,..,..
France,FRA,CO2 emissions (kt),EN.ATM.CO2E.KT,300561.6,267154.7
France,FRA,GDP (constant 2015 US$),NY.GDP.MKTP.KD,2616812485718.01,2413104454442.24
France,FRA,"Population, total",SP.POP.TOTL,67388001,67571107
France,FRA,Urban land area (sq. km),AG.LND.TOTL.UR.K2,..,..
French Polynesia,PYF,CO2 emissions (kt),EN.ATM.CO2E.KT,..,..
French Polynesia,PYF,GDP (constant 2015 US$),NY.GDP.MKTP.KD,5936582478.94458,5521022219.03919
French Polynesia,PYF,"Population, total",SP.POP.TOTL,299717,301920
French Polynesia,PYF,Urban land area (sq. km),AG.LND.TOTL.UR.K2,..,..
Gabon,GAB,CO2 emissions (kt),EN.ATM.CO2E.KT,5274.5,5349.2
Gabon,GAB,GDP (constant 2015 US$),NY.GDP.MKTP.KD,15460241661.5807,15176119359.9997
Gabon,GAB,"Population, total",SP.POP.TOTL,2242785,2292573
Gabon,GAB,Urban land area (sq. km),AG.LND.TOTL.UR.K2,..,..
"Gambia, The",GMB,CO2 emissions (kt),EN.ATM.CO2E.KT,606.9,611.4
"Gambia, The",GMB,GDP (constant 2015 US$),NY.GDP.MKTP.KD,1677527288.62681,1687449649.28965
"Gambia, The",GMB,"Population, total",SP.POP.TOTL,2508883,2573995
"Gambia, The",GMB,Urban land area (sq. km),AG.LND.TOTL.UR.K2,..,..
Georgia,GEO,CO2 emissions (kt),EN.ATM.CO2E.KT,10549.6,10255
Georgia,GEO,GDP (constant 2015 US$),NY.GDP.MKTP.KD,17757577182.81,16557086864.399
Georgia,GEO,"Population, total",SP.POP.TOTL,3720161,3722716
Georgia,GEO,Urban land area (sq. km),AG.LND.TOTL.UR.K2,..,..
Germany,DEU,CO2 emissions (kt),EN.ATM.CO2E.KT,658693.5,603350.5
Germany,DEU,GDP (constant 2015 US$),NY.GDP.MKTP.KD,3596645827007.44,3463685430302.1
Germany,DEU,"Population, total",SP.POP.TOTL,83092962,83160871
Germany,DEU,Urban land area (sq. km),AG.LND.TOTL.UR.K2,..,..
Ghana,GHA,CO2 emissions (kt),EN.ATM.CO2E.KT,18039.1,19401.16
Ghana,GHA,GDP (constant 2015 US$),NY.GDP.MKTP.KD,62465008906.2023,62786042616.5329
Ghana,GHA,"Population, total",SP.POP.TOTL,31522290,32180401
Ghana,GHA,Urban land area (sq. km),AG.LND.TOTL.UR.K2,..,..
Gibraltar,GIB,CO2 emissions (kt),EN.ATM.CO2E.KT,..,..
Gibraltar,GIB,GDP (constant 2015 US$),NY.GDP.MKTP.KD,..,..
Gibraltar,GIB,"Population, total",SP.POP.TOTL,32685,32709
Gibraltar,GIB,Urban land area (sq. km),AG.LND.TOTL.UR.K2,..,..
Greece,GRC,CO2 emissions (kt),EN.ATM.CO2E.KT,59990.3,51002.2
Greece,GRC,GDP (constant 2015 US$),NY.GDP.MKTP.KD,203912718651.88,185552328472.832
Greece,GRC,"Population, total",SP.POP.TOTL,10721582,10698599
Greece,GRC,Urban land area (sq. km),AG.LND.TOTL.UR.K2,..,..
Greenland,GRL,CO2 emissions (kt),EN.ATM.CO2E.KT,..,..
Greenland,GRL,GDP (constant 2015 US$),NY.GDP.MKTP.KD,2708402718.54614,2713483920.21655
Greenland,GRL,"Population, total",SP.POP.TOTL,56225,56367
Greenland,GRL,Urban land area (sq. km),AG.LND.TOTL.UR.K2,..,..
Grenada,GRD,CO2 emissions (kt),EN.ATM.CO2E.KT,346.2,324.5
Grenada,GRD,GDP (constant 2015 US$),NY.GDP.MKTP.KD,1134939081.03144,978809798.804488
Grenada,GRD,"Population, total",SP.POP.TOTL,122724,123663
Grenada,GRD,Urban land area (sq. km),AG.LND.TOTL.UR.K2,..,..
Guam,GUM,CO2 emissions (kt),EN.ATM.CO2E.KT,..,..
Guam,GUM,GDP (constant 2015 US$),NY.GDP.MKTP.KD,5965741037.30664,5286113011.82893
Guam,GUM,"Population, total",SP.POP.TOTL,168624,169231
Guam,GUM,Urban land area (sq. km),AG.LND.TOTL.UR.K2,..,..
Guatemala,GTM,CO2 emissions (kt),EN.ATM.CO2E.KT,19017.8,16865.2
Guatemala,GTM,GDP (constant 2015 US$),NY.GDP.MKTP.KD,70794725855.0224,69526185112.429
Guatemala,GTM,"Population, total",SP.POP.TOTL,16604026,16858333
Guatemala,GTM,Urban land area (sq. km),AG.LND.TOTL.UR.K2,..,..
Guinea,GIN,CO2 emissions (kt),EN.ATM.CO2E.KT,4517,4537.9
Guinea,GIN,GDP (constant 2015 US$),NY.GDP.MKTP.KD,12075308646.7702,12669445997.4837
Guinea,GIN,"Population, total",SP.POP.TOTL,12877539,13205153
Guinea,GIN,Urban land area (sq. km),AG.LND.TOTL.UR.K2,..,..
Guinea-Bissau,GNB,CO2 emissions (kt),EN.ATM.CO2E.KT,325.3,329
Guinea-Bissau,GNB,GDP (constant 2015 US$),NY.GDP.MKTP.KD,1248729332.15829,1218759828.19627
Guinea-Bissau,GNB,"Population, total",SP.POP.TOTL,1970457,2015828
Guinea-Bissau,GNB,Urban land area (sq. km),AG.LND.TOTL.UR.K2,..,..
Guyana,GUY,CO2 emissions (kt),EN.ATM.CO2E.KT,2795.9,2768.5
Guyana,GUY,GDP (constant 2015 US$),NY.GDP.MKTP.KD,5071041645.23612,7275908034.11422
Guyana,GUY,"Population, total",SP.POP.TOTL,798753,797202
Guyana,GUY,Urban land area (sq. km),AG.LND.TOTL.UR.K2,..,..
Haiti,HTI,CO2 emissions (kt),EN.ATM.CO2E.KT,3317.34,3209.04
Haiti,HTI,GDP (constant 2015 US$),NY.GDP.MKTP.KD,15485274162.3204,14973407577.4363
Haiti,HTI,"Population, total",SP.POP.TOTL,11160438,11306801
Haiti,HTI,Urban land area (sq. km),AG.LND.TOTL.UR.K2,..,..
Honduras,HND,CO2 emissions (kt),EN.ATM.CO2E.KT,10196.4,8835.4
Honduras,HND,GDP (constant 2015 US$),NY.GDP.MKTP.KD,24360372249.1422,22176523297.0658
Honduras,HND,"Population, total",SP.POP.TOTL,9958829,10121763
Honduras,HND,Urban land area (sq. km),AG.LND.TOTL.UR.K2,..,..
"Hong Kong SAR, China",HKG,CO2 emissions (kt),EN.ATM.CO2E.KT,..,..
"Hong Kong SAR, China",HKG,GDP (constant 2015 US$),NY.GDP.MKTP.KD,331813610123.743,310097075921.454
"Hong Kong SAR, China",HKG,"Population, total",SP.POP.TOTL,7507900,7481000
"Hong Kong SAR, China",HKG,Urban land area (sq. km),AG.LND.TOTL.UR.K2,..,..
Hungary,HUN,CO2 emissions (kt),EN.ATM.CO2E.KT,47261.8,44769.3
Hungary,HUN,GDP (constant 2015 US$),NY.GDP.MKTP.KD,147383974295.866,140699299222.253
Hungary,HUN,"Population, total",SP.POP.TOTL,9771141,9750149
Hungary,HUN,Urban land area (sq. km),AG.LND.TOTL.UR.K2,..,..
Iceland,ISL,CO2 emissions (kt),EN.ATM.CO2E.KT,1638.2,1446.6
Iceland,ISL,GDP (constant 2015 US$),NY.GDP.MKTP.KD,20718599700.5166,19218185222.8924
Iceland,ISL,"Population, total",SP.POP.TOTL,360563,366463
Iceland,ISL,Urban land area (sq. km),AG.LND.TOTL.UR.K2,..,..
India,IND,CO2 emissions (kt),EN.ATM.CO2E.KT,2423951.4,2200836.3
India,IND,GDP (constant 2015 US$),NY.GDP.MKTP.KD,2689205279517.88,2532396288465.75
India,IND,"Population, total",SP.POP.TOTL,1383112050,1396387127
India,IND,Urban land area (sq. km),AG.LND.TOTL.UR.K2,..,..
Indonesia,IDN,CO2 emissions (kt),EN.ATM.CO2E.KT,605290.6,563197
Indonesia,IDN,GDP (constant 2015 US$),NY.GDP.MKTP.KD,1049330234036.02,1027656193923.15
Indonesia,IDN,"Population, total",SP.POP.TOTL,269582878,271857970
Indonesia,IDN,Urban land area (sq. km),AG.LND.TOTL.UR.K2,..,..
"Iran, Islamic Rep.",IRN,CO2 emissions (kt),EN.ATM.CO2E.KT,625251.5,616561.3
"Iran, Islamic Rep.",IRN,GDP (constant 2015 US$),NY.GDP.MKTP.KD,434302748068.669,448766282365.875
"Iran, Islamic Rep.",IRN,"Population, total",SP.POP.TOTL,86564202,87290193
"Iran, Islamic Rep.",IRN,Urban land area (sq. km),AG.LND.TOTL.UR.K2,..,..
Iraq,IRQ,CO2 emissions (kt),EN.ATM.CO2E.KT,180687.6,163511.5
Iraq,IRQ,GDP (constant 2015 US$),NY.GDP.MKTP.KD,201765390166.782,177479307618.89
Iraq,IRQ,"Population, total",SP.POP.TOTL,41563520,42556984
Iraq,IRQ,Urban land area (sq. km),AG.LND.TOTL.UR.K2,..,..
Ireland,IRL,CO2 emissions (kt),EN.ATM.CO2E.KT,35812.2,33742.2
Ireland,IRL,GDP (constant 2015 US$),NY.GDP.MKTP.KD,371256301839.016,394216789047.752
Ireland,IRL,"Population, total",SP.POP.TOTL,4934340,4985382
Ireland,IRL,Urban land area (sq. km),AG.LND.TOTL.UR.K2,..,..
Isle of Man,IMN,CO2 emissions (kt),EN.ATM.CO2E.KT,..,..
Isle of Man,IMN,GDP (constant 2015 US$),NY.GDP.MKTP.KD,7985156961.47674,7279569961.24237
Isle of Man,IMN,"Population, total",SP.POP.TOTL,83933,84046
Isle of Man,IMN,Urban land area (sq. km),AG.LND.TOTL.UR.K2,..,..
Israel,ISR,CO2 emissions (kt),EN.ATM.CO2E.KT,62796.3,58471.8
Israel,ISR,GDP (constant 2015 US$),NY.GDP.MKTP.KD,358460252733.588,351802608893.272
Israel,ISR,"Population, total",SP.POP.TOTL,9054000,9215100
Israel,ISR,Urban land area (sq. km),AG.LND.TOTL.UR.K2,..,..
Italy,ITA,CO2 emissions (kt),EN.ATM.CO2E.KT,317223,281286.8
Italy,ITA,GDP (constant 2015 US$),NY.GDP.MKTP.KD,1918157617381.17,1745923826171.76
Italy,ITA,"Population, total",SP.POP.TOTL,59729081,59438851
Italy,ITA,Urban land area (sq. km),AG.LND.TOTL.UR.K2,..,..
Jamaica,JAM,CO2 emissions (kt),EN.ATM.CO2E.KT,8394.3,5835.6
Jamaica,JAM,GDP (constant 2015 US$),NY.GDP.MKTP.KD,14934131264.4552,13455652269.2741
Jamaica,JAM,"Population, total",SP.POP.TOTL,2813773,2820436
Jamaica,JAM,Urban land area (sq. km),AG.LND.TOTL.UR.K2,..,..
Japan,JPN,CO2 emissions (kt),EN.ATM.CO2E.KT,1073645.3,1014064.7
Japan,JPN,GDP (constant 2015 US$),NY.GDP.MKTP.KD,4564332550094.45,4369042849289.97
Japan,JPN,"Population, total",SP.POP.TOTL,126633000,126261000
Japan,JPN,Urban land area (sq. km),AG.LND.TOTL.UR.K2,..,..
Jordan,JOR,CO2 emissions (kt),EN.ATM.CO2E.KT,23147.9,20974.1
Jordan,JOR,GDP (constant 2015 US$),NY.GDP.MKTP.KD,41823826980.383,41151870203.0801
Jordan,JOR,"Population, total",SP.POP.TOTL,10698683,10928721
Jordan,JOR,Urban land area (sq. km),AG.LND.TOTL.UR.K2,..,..
Kazakhstan,KAZ,CO2 emissions (kt),EN.ATM.CO2E.KT,204592.2,211896.7
Kazakhstan,KAZ,GDP (constant 2015 US$),NY.GDP.MKTP.KD,211106940302.434,205829266794.266
Kazakhstan,KAZ,"Population, total",SP.POP.TOTL,18513673,18755666
Kazakhstan,KAZ,Urban land area (sq. km),AG.LND.TOTL.UR.K2,..,..
Kenya,KEN,CO2 emissions (kt),EN.ATM.CO2E.KT,19481.9,19446.8
Kenya,KEN,GDP (constant 2015 US$),NY.GDP.MKTP.KD,84264984571.1019,84035138067.3705
Kenya,KEN,"Population, total",SP.POP.TOTL,50951450,51985780
Kenya,KEN,Urban land area (sq. km),AG.LND.TOTL.UR.K2,..,..
Kiribati,KIR,CO2 emissions (kt),EN.ATM.CO2E.KT,73.6,56.9
Kiribati,KIR,GDP (constant 2015 US$),NY.GDP.MKTP.KD,174616897.423246,171722694.703524
Kiribati,KIR,"Population, total",SP.POP.TOTL,124241,126463
Kiribati,KIR,Urban land area (sq. km),AG.LND.TOTL.UR.K2,..,..
"Korea, Dem. People's Rep.",PRK,CO2 emissions (kt),EN.ATM.CO2E.KT,55548.4,52437.2
"Korea, Dem. People's Rep.",PRK,GDP (constant 2015 US$),NY.GDP.MKTP.KD,..,..
"Korea, Dem. People's Rep.",PRK,"Population, total",SP.POP.TOTL,25755441,25867467
"Korea, Dem. People's Rep.",PRK,Urban land area (sq. km),AG.LND.TOTL.UR.K2,..,..
"Korea, Rep.",KOR,CO2 emissions (kt),EN.ATM.CO2E.KT,612133.7,569681.8
"Korea, Rep.",KOR,GDP (constant 2015 US$),NY.GDP.MKTP.KD,1637850078348.95,1626230918329.23
"Korea, Rep.",KOR,"Population, total",SP.POP.TOTL,51764822,51836239
"Korea, Rep.",KOR,Urban land area (sq. km),AG.LND.TOTL.UR.K2,..,..
Kosovo,XKX,CO2 emissions (kt),EN.ATM.CO2E.KT,..,..
Kosovo,XKX,GDP (constant 2015 US$),NY.GDP.MKTP.KD,7547450580.68302,7144395941.36967
Kosovo,XKX,"Population, total",SP.POP.TOTL,1788878,1790133
Kosovo,XKX,Urban land area (sq. km),AG.LND.TOTL.UR.K2,..,..
Kuwait,KWT,CO2 emissions (kt),EN.ATM.CO2E.KT,93863.6,92308.9
Kuwait,KWT,GDP (constant 2015 US$),NY.GDP.MKTP.KD,114480751105.889,104343161325.411
Kuwait,KWT,"Population, total",SP.POP.TOTL,4441100,4360444
Kuwait,KWT,Urban land area (sq. km),AG.LND.TOTL.UR.K2,..,..
Kyrgyz Republic,KGZ,CO2 emissions (kt),EN.ATM.CO2E.KT,10017.4,9080.1
Kyrgyz Republic,KGZ,GDP (constant 2015 US$),NY.GDP.MKTP.KD,7920623086.43371,7255420305.15225
Kyrgyz Republic,KGZ,"Population, total",SP.POP.TOTL,6456200,6579900
Kyrgyz Republic,KGZ,Urban land area (sq. km),AG.LND.TOTL.UR.K2,..,..
Lao PDR,LAO,CO2 emissions (kt),EN.ATM.CO2E.KT,19170.9,19178.9
Lao PDR,LAO,GDP (constant 2015 US$),NY.GDP.MKTP.KD,18491845636.2733,18584865505.7243
Lao PDR,LAO,"Population, total",SP.POP.TOTL,7212053,7319399
Lao PDR,LAO,Urban land area (sq. km),AG.LND.TOTL.UR.K2,..,..
Latvia,LVA,CO2 emissions (kt),EN.ATM.CO2E.KT,7569.1,6928.3
Latvia,LVA,GDP (constant 2015 US$),NY.GDP.MKTP.KD,30754814155.864,30077290109.2039
Latvia,LVA,"Population, total",SP.POP.TOTL,1913822,1900449
Latvia,LVA,Urban land area (sq. km),AG.LND.TOTL.UR.K2,..,..
Lebanon,LBN,CO2 emissions (kt),EN.ATM.CO2E.KT,26916.5,21474.9
Lebanon,LBN,GDP (constant 2015 US$),NY.GDP.MKTP.KD,46727888411.2977,36728167163.3556
Lebanon,LBN,"Population, total",SP.POP.TOTL,5781907,5662923
Lebanon,LBN,Urban land area (sq. km),AG.LND.TOTL.UR.K2,..,..
Lesotho,LSO,CO2 emissions (kt),EN.ATM.CO2E.KT,2300.1,2311.9
Lesotho,LSO,GDP (constant 2015 US$),NY.GDP.MKTP.KD,2315216763.71817,2185115416.72326
Lesotho,LSO,"Population, total",SP.POP.TOTL,2225702,2254100
Lesotho,LSO,Urban land area (sq. km),AG.LND.TOTL.UR.K2,..,..
Liberia,LBR,CO2 emissions (kt),EN.ATM.CO2E.KT,1146.2,1179.5
Liberia,LBR,GDP (constant 2015 US$),NY.GDP.MKTP.KD,3211334057.92828,3115556299.79146
Liberia,LBR,"Population, total",SP.POP.TOTL,4985289,5087584
Liberia,LBR,Urban land area (sq. km),AG.LND.TOTL.UR.K2,..,..
Libya,LBY,CO2 emissions (kt),EN.ATM.CO2E.KT,54692.7,44467
Libya,LBY,GDP (constant 2015 US$),NY.GDP.MKTP.KD,60949783351.7757,42794581186.0799
Libya,LBY,"Population, total",SP.POP.TOTL,6569088,6653942
Libya,LBY,Urban land area (sq. km),AG.LND.TOTL.UR.K2,..,..
Liechtenstein,LIE,CO2 emissions (kt),EN.ATM.CO2E.KT,149.025716,141.996093
Liechtenstein,LIE,GDP (constant 2015 US$),NY.GDP.MKTP.KD,..,..
Liechtenstein,LIE,"Population, total",SP.POP.TOTL,38482,38756
Liechtenstein,LIE,Urban land area (sq. km),AG.LND.TOTL.UR.K2,..,..
Lithuania,LTU,CO2 emissions (kt),EN.ATM.CO2E.KT,11735.8,11693.8
Lithuania,LTU,GDP (constant 2015 US$),NY.GDP.MKTP.KD,48198076541.4695,48187437422.3613
Lithuania,LTU,"Population, total",SP.POP.TOTL,2794137,2794885
Lithuania,LTU,Urban land area (sq. km),AG.LND.TOTL.UR.K2,..,..
Luxembourg,LUX,CO2 emissions (kt),EN.ATM.CO2E.KT,9500.3,7853.1
Luxembourg,LUX,GDP (constant 2015 US$),NY.GDP.MKTP.KD,66172102156.1277,65644422263.398
Luxembourg,LUX,"Population, total",SP.POP.TOTL,620001,630419
Luxembourg,LUX,Urban land area (sq. km),AG.LND.TOTL.UR.K2,..,..
"Macao SAR, China",MAC,CO2 emissions (kt),EN.ATM.CO2E.KT,..,..
"Macao SAR, China",MAC,GDP (constant 2015 US$),NY.GDP.MKTP.KD,51074233224.6319,23373663156.6965
"Macao SAR, China",MAC,"Population, total",SP.POP.TOTL,663653,676283
"Macao SAR, China",MAC,Urban land area (sq. km),AG.LND.TOTL.UR.K2,..,..
Madagascar,MDG,CO2 emissions (kt),EN.ATM.CO2E.KT,3927.7,2745.45
Madagascar,MDG,GDP (constant 2015 US$),NY.GDP.MKTP.KD,13186360201.5871,12245161111.5661
Madagascar,MDG,"Population, total",SP.POP.TOTL,27533134,28225177
Madagascar,MDG,Urban land area (sq. km),AG.LND.TOTL.UR.K2,..,..
Malawi,MWI,CO2 emissions (kt),EN.ATM.CO2E.KT,1643.7,1640
Malawi,MWI,GDP (constant 2015 US$),NY.GDP.MKTP.KD,10818533180.1866,10905081265.0562
Malawi,MWI,"Population, total",SP.POP.TOTL,18867337,19377061
Malawi,MWI,Urban land area (sq. km),AG.LND.TOTL.UR.K2,..,..
Malaysia,MYS,CO2 emissions (kt),EN.ATM.CO2E.KT,244882,245139.3
Malaysia,MYS,GDP (constant 2015 US$),NY.GDP.MKTP.KD,364601681244.313,344423037103.369
Malaysia,MYS,"Population, total",SP.POP.TOTL,32804020,33199993
Malaysia,MYS,Urban land area (sq. km),AG.LND.TOTL.UR.K2,..,..
Maldives,MDV,CO2 emissions (kt),EN.ATM.CO2E.KT,1999.5,1454
Maldives,MDV,GDP (constant 2015 US$),NY.GDP.MKTP.KD,5425035732.09328,3608039592.99926
Maldives,MDV,"Population, total",SP.POP.TOTL,504508,514438
Maldives,MDV,Urban land area (sq. km),AG.LND.TOTL.UR.K2,..,..
Mali,MLI,CO2 emissions (kt),EN.ATM.CO2E.KT,3937.4,4150.7
Mali,MLI,GDP (constant 2015 US$),NY.GDP.MKTP.KD,16028741130.9536,15830713976.9904
Mali,MLI,"Population, total",SP.POP.TOTL,20567424,21224040
Mali,MLI,Urban land area (sq. km),AG.LND.TOTL.UR.K2,..,..
Malta,MLT,CO2 emissions (kt),EN.ATM.CO2E.KT,1658.6,1610.7
Malta,MLT,GDP (constant 2015 US$),NY.GDP.MKTP.KD,14446430864.4875,13202233371.361
Malta,MLT,"Population, total",SP.POP.TOTL,504062,515332
Malta,MLT,Urban land area (sq. km),AG.LND.TOTL.UR.K2,..,..
Marshall Islands,MHL,CO2 emissions (kt),EN.ATM.CO2E.KT,152.3,110
Marshall Islands,MHL,GDP (constant 2015 US$),NY.GDP.MKTP.KD,222953300,218847400
Marshall Islands,MHL,"Population, total",SP.POP.TOTL,44728,43413
Marshall Islands,MHL,Urban land area (sq. km),AG.LND.TOTL.UR.K2,..,..
Mauritania,MRT,CO2 emissions (kt),EN.ATM.CO2E.KT,3824.8,3847.1
Mauritania,MRT,GDP (constant 2015 US$),NY.GDP.MKTP.KD,7321154257.85869,7252444042.7439
Mauritania,MRT,"Population, total",SP.POP.TOTL,4383849,4498604
Mauritania,MRT,Urban land area (sq. km),AG.LND.TOTL.UR.K2,..,..
Mauritius,MUS,CO2 emissions (kt),EN.ATM.CO2E.KT,4173.7,3720.2
Mauritius,MUS,GDP (constant 2015 US$),NY.GDP.MKTP.KD,13871328044.4569,11846475082.5179
Mauritius,MUS,"Population, total",SP.POP.TOTL,1265985,1266014
Mauritius,MUS,Urban land area (sq. km),AG.LND.TOTL.UR.K2,..,..
Mexico,MEX,CO2 emissions (kt),EN.ATM.CO2E.KT,451828.8,383131.4
Mexico,MEX,GDP (constant 2015 US$),NY.GDP.MKTP.KD,1252569812592.28,1152515633963.26
Mexico,MEX,"Population, total",SP.POP.TOTL,125085311,125998302
Mexico,MEX,Urban land area (sq. km),AG.LND.TOTL.UR.K2,..,..
"Micronesia, Fed. Sts.",FSM,CO2 emissions (kt),EN.ATM.CO2E.KT,148.2,107.5
"Micronesia, Fed. Sts.",FSM,GDP (constant 2015 US$),NY.GDP.MKTP.KD,332458532.270118,326589258.966469
"Micronesia, Fed. Sts.",FSM,"Population, total",SP.POP.TOTL,111379,112106
"Micronesia, Fed. Sts.",FSM,Urban land area (sq. km),AG.LND.TOTL.UR.K2,..,..
Moldova,MDA,CO2 emissions (kt),EN.ATM.CO2E.KT,8921.6,8611.2
Moldova,MDA,GDP (constant 2015 US$),NY.GDP.MKTP.KD,9162611725.92358,8404315965.96149
Moldova,MDA,"Population, total",SP.POP.TOTL,2664224,2635130
Moldova,MDA,Urban land area (sq. km),AG.LND.TOTL.UR.K2,..,..
Monaco,MCO,CO2 emissions (kt),EN.ATM.CO2E.KT,..,..
Monaco,MCO,GDP (constant 2015 US$),NY.GDP.MKTP.KD,7080696089.95218,6162674303.70973
Monaco,MCO,"Population, total",SP.POP.TOTL,37034,36922
Monaco,MCO,Urban land area (sq. km),AG.LND.TOTL.UR.K2,..,..
Mongolia,MNG,CO2 emissions (kt),EN.ATM.CO2E.KT,23146.9,21184.7
Mongolia,MNG,GDP (constant 2015 US$),NY.GDP.MKTP.KD,14174566539.7012,13528524953.5204
Mongolia,MNG,"Population, total",SP.POP.TOTL,3232430,3294335
Mongolia,MNG,Urban land area (sq. km),AG.LND.TOTL.UR.K2,..,..
Montenegro,MNE,CO2 emissions (kt),EN.ATM.CO2E.KT,2601.1,2527.2
Montenegro,MNE,GDP (constant 2015 US$),NY.GDP.MKTP.KD,4779775342.5068,4048140209.00406
Montenegro,MNE,"Population, total",SP.POP.TOTL,622028,621306
Montenegro,MNE,Urban land area (sq. km),AG.LND.TOTL.UR.K2,..,..
Morocco,MAR,CO2 emissions (kt),EN.ATM.CO2E.KT,70986.3,66719.5
Morocco,MAR,GDP (constant 2015 US$),NY.GDP.MKTP.KD,123651941429.219,114764977999.998
Morocco,MAR,"Population, total",SP.POP.TOTL,36304408,36688772
Morocco,MAR,Urban land area (sq. km),AG.LND.TOTL.UR.K2,..,..
Mozambique,MOZ,CO2 emissions (kt),EN.ATM.CO2E.KT,7530.2,6945.5
Mozambique,MOZ,GDP (constant 2015 US$),NY.GDP.MKTP.KD,18183573177.2763,17965634275.1141
Mozambique,MOZ,"Population, total",SP.POP.TOTL,30285595,31178239
Mozambique,MOZ,Urban land area (sq. km),AG.LND.TOTL.UR.K2,..,..
Myanmar,MMR,CO2 emissions (kt),EN.ATM.CO2E.KT,33995,33874.6
Myanmar,MMR,GDP (constant 2015 US$),NY.GDP.MKTP.KD,83686992015.6698,86343028344.737
Myanmar,MMR,"Population, total",SP.POP.TOTL,53040212,53423198
Myanmar,MMR,Urban land area (sq. km),AG.LND.TOTL.UR.K2,..,..
Namibia,NAM,CO2 emissions (kt),EN.ATM.CO2E.KT,4316.3,3952.8
Namibia,NAM,GDP (constant 2015 US$),NY.GDP.MKTP.KD,11246291851.8366,10335184675.9998
Namibia,NAM,"Population, total",SP.POP.TOTL,2446644,2489098
Namibia,NAM,Urban land area (sq. km),AG.LND.TOTL.UR.K2,..,..
Nauru,NRU,CO2 emissions (kt),EN.ATM.CO2E.KT,53.4,41.4
Nauru,NRU,GDP (constant 2015 US$),NY.GDP.MKTP.KD,100138821.280711,104381991.673961
Nauru,NRU,"Population, total",SP.POP.TOTL,12132,12315
Nauru,NRU,Urban land area (sq. km),AG.LND.TOTL.UR.K2,..,..
Nepal,NPL,CO2 emissions (kt),EN.ATM.CO2E.KT,13860.5,14949.2
Nepal,NPL,GDP (constant 2015 US$),NY.GDP.MKTP.KD,30605298856.0401,29880069381.5366
Nepal,NPL,"Population, total",SP.POP.TOTL,28832496,29348627
Nepal,NPL,Urban land area (sq. km),AG.LND.TOTL.UR.K2,..,..
Netherlands,NLD,CO2 emissions (kt),EN.ATM.CO2E.KT,145939.237,130315.1
Netherlands,NLD,GDP (constant 2015 US$),NY.GDP.MKTP.KD,840250428566.882,807597591789.77
Netherlands,NLD,"Population, total",SP.POP.TOTL,17344874,17441500
Netherlands,NLD,Urban land area (sq. km),AG.LND.TOTL.UR.K2,..,..
New Caledonia,NCL,CO2 emissions (kt),EN.ATM.CO2E.KT,..,..
New Caledonia,NCL,GDP (constant 2015 US$),NY.GDP.MKTP.KD,..,..
New Caledonia,NCL,"Population, total",SP.POP.TOTL,271240,272460
New Caledonia,NCL,Urban land area (sq. km),AG.LND.TOTL.UR.K2,..,..
New Zealand,NZL,CO2 emissions (kt),EN.ATM.CO2E.KT,34008.2,31359.7
New Zealand,NZL,GDP (constant 2015 US$),NY.GDP.MKTP.KD,202939087501.525,201612025314.249
New Zealand,NZL,"Population, total",SP.POP.TOTL,4979200,5090200
New Zealand,NZL,Urban land area (sq. km),AG.LND.TOTL.UR.K2,..,..
Nicaragua,NIC,CO2 emissions (kt),EN.ATM.CO2E.KT,5131.9,4582.2
Nicaragua,NIC,GDP (constant 2015 US$),NY.GDP.MKTP.KD,13096462607.3906,12865145229.6758
Nicaragua,NIC,"Population, total",SP.POP.TOTL,6663924,6755895
Nicaragua,NIC,Urban land area (sq. km),AG.LND.TOTL.UR.K2,..,..
Niger,NER,CO2 emissions (kt),EN.ATM.CO2E.KT,2159.15,2197.95
Niger,NER,GDP (constant 2015 US$),NY.GDP.MKTP.KD,12212118219.6438,12645676199.7627
Niger,NER,"Population, total",SP.POP.TOTL,23443393,24333639
Niger,NER,Urban land area (sq. km),AG.LND.TOTL.UR.K2,..,..
Nigeria,NGA,CO2 emissions (kt),EN.ATM.CO2E.KT,119544.1,111978.1
Nigeria,NGA,GDP (constant 2015 US$),NY.GDP.MKTP.KD,509371830634.38,500232410862.672
Nigeria,NGA,"Population, total",SP.POP.TOTL,203304492,208327405
Nigeria,NGA,Urban land area (sq. km),AG.LND.TOTL.UR.K2,..,..
North Macedonia,MKD,CO2 emissions (kt),EN.ATM.CO2E.KT,7956.1,6796.7
North Macedonia,MKD,GDP (constant 2015 US$),NY.GDP.MKTP.KD,11185494933.6944,10501962010.2286
North Macedonia,MKD,"Population, total",SP.POP.TOTL,2076694,2072531
North Macedonia,MKD,Urban land area (sq. km),AG.LND.TOTL.UR.K2,..,..
Northern Mariana Islands,MNP,CO2 emissions (kt),EN.ATM.CO2E.KT,..,..
Northern Mariana Islands,MNP,GDP (constant 2015 US$),NY.GDP.MKTP.KD,1036848484.84848,729103030.30303
Northern Mariana Islands,MNP,"Population, total",SP.POP.TOTL,49858,49587
Northern Mariana Islands,MNP,Urban land area (sq. km),AG.LND.TOTL.UR.K2,..,..
Norway,NOR,CO2 emissions (kt),EN.ATM.CO2E.KT,37661.6,36177.4
Norway,NOR,GDP (constant 2015 US$),NY.GDP.MKTP.KD,410249333471.117,405005642244.497
Norway,NOR,"Population, total",SP.POP.TOTL,5347896,5379475
Norway,NOR,Urban land area (sq. km),AG.LND.TOTL.UR.K2,..,..
Oman,OMN,CO2 emissions (kt),EN.ATM.CO2E.KT,75744.8,71041.5
Oman,OMN,GDP (constant 2015 US$),NY.GDP.MKTP.KD,83053590626.7187,80246616464.6549
Oman,OMN,"Population, total",SP.POP.TOTL,4602768,4543399
Oman,OMN,Urban land area (sq. km),AG.LND.TOTL.UR.K2,..,..
Pakistan,PAK,CO2 emissions (kt),EN.ATM.CO2E.KT,184096.3,184111.2
Pakistan,PAK,GDP (constant 2015 US$),NY.GDP.MKTP.KD,324411961003.158,320278668943.171
Pakistan,PAK,"Population, total",SP.POP.TOTL,223293280,227196741
Pakistan,PAK,Urban land area (sq. km),AG.LND.TOTL.UR.K2,..,..
Palau,PLW,CO2 emissions (kt),EN.ATM.CO2E.KT,217.4,158.2
Palau,PLW,GDP (constant 2015 US$),NY.GDP.MKTP.KD,270150149.61591,245547016.592446
Palau,PLW,"Population, total",SP.POP.TOTL,17916,17972
Palau,PLW,Urban land area (sq. km),AG.LND.TOTL.UR.K2,..,..
Panama,PAN,CO2 emissions (kt),EN.ATM.CO2E.KT,13099.9,9582.7
Panama,PAN,GDP (constant 2015 US$),NY.GDP.MKTP.KD,64194308779.5492,52852244726.4485
Panama,PAN,"Population, total",SP.POP.TOTL,4232532,4294396
Panama,PAN,Urban land area (sq. km),AG.LND.TOTL.UR.K2,..,..
Papua New Guinea,PNG,CO2 emissions (kt),EN.ATM.CO2E.KT,7467.5,5491.5
Papua New Guinea,PNG,GDP (constant 2015 US$),NY.GDP.MKTP.KD,24719754981.1869,23936786115.0862
Papua New Guinea,PNG,"Population, total",SP.POP.TOTL,9542486,9749640
Papua New Guinea,PNG,Urban land area (sq. km),AG.LND.TOTL.UR.K2,..,..
Paraguay,PRY,CO2 emissions (kt),EN.ATM.CO2E.KT,8101.6,7575.7
Paraguay,PRY,GDP (constant 2015 US$),NY.GDP.MKTP.KD,40676916060.0731,40343452644.7147
Paraguay,PRY,"Population, total",SP.POP.TOTL,6530026,6618695
Paraguay,PRY,Urban land area (sq. km),AG.LND.TOTL.UR.K2,..,..
Peru,PER,CO2 emissions (kt),EN.ATM.CO2E.KT,56972.2,46578.9
Peru,PER,GDP (constant 2015 US$),NY.GDP.MKTP.KD,215017529282.406,191645896229.681
Peru,PER,"Population, total",SP.POP.TOTL,32824861,33304756
Peru,PER,Urban land area (sq. km),AG.LND.TOTL.UR.K2,..,..
Philippines,PHL,CO2 emissions (kt),EN.ATM.CO2E.KT,145871.3,133471.3
Philippines,PHL,GDP (constant 2015 US$),NY.GDP.MKTP.KD,396224439740.441,358510629732.238
Philippines,PHL,"Population, total",SP.POP.TOTL,110380804,112190977
Philippines,PHL,Urban land area (sq. km),AG.LND.TOTL.UR.K2,..,..
Poland,POL,CO2 emissions (kt),EN.ATM.CO2E.KT,294948.3,279223.8
Poland,POL,GDP (constant 2015 US$),NY.GDP.MKTP.KD,571503382411.46,559958349913.782
Poland,POL,"Population, total",SP.POP.TOTL,37965475,37899070
Poland,POL,Urban land area (sq. km),AG.LND.TOTL.UR.K2,..,..
Portugal,PRT,CO2 emissions (kt),EN.ATM.CO2E.KT,44564.7,38973.5
Portugal,PRT,GDP (constant 2015 US$),NY.GDP.MKTP.KD,222362381347.62,203905156212.017
Portugal,PRT,"Population, total",SP.POP.TOTL,10286263,10297081
Portugal,PRT,Urban land area (sq. km),AG.LND.TOTL.UR.K2,..,..
Puerto Rico,PRI,CO2 emissions (kt),EN.ATM.CO2E.KT,..,..
Puerto Rico,PRI,GDP (constant 2015 US$),NY.GDP.MKTP.KD,96389748847.4129,92338674006.7412
Puerto Rico,PRI,"Population, total",SP.POP.TOTL,3193694,3281557
Puerto Rico,PRI,Urban land area (sq. km),AG.LND.TOTL.UR.K2,..,..
Qatar,QAT,CO2 emissions (kt),EN.ATM.CO2E.KT,89486.8,87578.3
Qatar,QAT,GDP (constant 2015 US$),NY.GDP.MKTP.KD,167515127909.059,161416823761.21
Qatar,QAT,"Population, total",SP.POP.TOTL,2807235,2760385
Qatar,QAT,Urban land area (sq. km),AG.LND.TOTL.UR.K2,..,..
Romania,ROU,CO2 emissions (kt),EN.ATM.CO2E.KT,73942.8,68664
Romania,ROU,GDP (constant 2015 US$),NY.GDP.MKTP.KD,217986957263.656,209970463386.837
Romania,ROU,"Population, total",SP.POP.TOTL,19371648,19265250
Romania,ROU,Urban land area (sq. km),AG.LND.TOTL.UR.K2,..,..
Russian Federation,RUS,CO2 emissions (kt),EN.ATM.CO2E.KT,1703588.7,1618271
Russian Federation,RUS,GDP (constant 2015 US$),NY.GDP.MKTP.KD,1461551314499.67,1422766792259.17
Russian Federation,RUS,"Population, total",SP.POP.TOTL,144406261,144073139
Russian Federation,RUS,Urban land area (sq. km),AG.LND.TOTL.UR.K2,..,..
Rwanda,RWA,CO2 emissions (kt),EN.ATM.CO2E.KT,1451.1,1382
Rwanda,RWA,GDP (constant 2015 US$),NY.GDP.MKTP.KD,11180719839.1405,10803483879.9185
Rwanda,RWA,"Population, total",SP.POP.TOTL,12835028,13146362
Rwanda,RWA,Urban land area (sq. km),AG.LND.TOTL.UR.K2,..,..
Samoa,WSM,CO2 emissions (kt),EN.ATM.CO2E.KT,278.7,206.5
Samoa,WSM,GDP (constant 2015 US$),NY.GDP.MKTP.KD,936894407.737842,907771569.635512
Samoa,WSM,"Population, total",SP.POP.TOTL,211905,214929
Samoa,WSM,Urban land area (sq. km),AG.LND.TOTL.UR.K2,..,..
San Marino,SMR,CO2 emissions (kt),EN.ATM.CO2E.KT,..,..
San Marino,SMR,GDP (constant 2015 US$),NY.GDP.MKTP.KD,1508721013.91031,1408422586.41606
San Marino,SMR,"Population, total",SP.POP.TOTL,34178,34007
San Marino,SMR,Urban land area (sq. km),AG.LND.TOTL.UR.K2,..,..
Sao Tome and Principe,STP,CO2 emissions (kt),EN.ATM.CO2E.KT,140.2,141.1
Sao Tome and Principe,STP,GDP (constant 2015 US$),NY.GDP.MKTP.KD,359752972.346268,370633946.384587
Sao Tome and Principe,STP,"Population, total",SP.POP.TOTL,214599,218641
Sao Tome and Principe,STP,Urban land area (sq. km),AG.LND.TOTL.UR.K2,..,..
Saudi Arabia,SAU,CO2 emissions (kt),EN.ATM.CO2E.KT,526770.3,513555.8
Saudi Arabia,SAU,GDP (constant 2015 US$),NY.GDP.MKTP.KD,709600868615.77,678794343942.752
Saudi Arabia,SAU,"Population, total",SP.POP.TOTL,35827362,35997107
Saudi Arabia,SAU,Urban land area (sq. km),AG.LND.TOTL.UR.K2,..,..
Senegal,SEN,CO2 emissions (kt),EN.ATM.CO2E.KT,12297.8,10680.2
Senegal,SEN,GDP (constant 2015 US$),NY.GDP.MKTP.KD,22560634320.7906,22863414676.9575
Senegal,SEN,"Population, total",SP.POP.TOTL,16000781,16436120
Senegal,SEN,Urban land area (sq. km),AG.LND.TOTL.UR.K2,..,..
Serbia,SRB,CO2 emissions (kt),EN.ATM.CO2E.KT,46030.1,46324.3
Serbia,SRB,GDP (constant 2015 US$),NY.GDP.MKTP.KD,45615664899.1593,45203655774.1983
Serbia,SRB,"Population, total",SP.POP.TOTL,6945235,6899126
Serbia,SRB,Urban land area (sq. km),AG.LND.TOTL.UR.K2,..,..
Seychelles,SYC,CO2 emissions (kt),EN.ATM.CO2E.KT,595.3,598.7
Seychelles,SYC,GDP (constant 2015 US$),NY.GDP.MKTP.KD,1634959387.74299,1493548374.83451
Seychelles,SYC,"Population, total",SP.POP.TOTL,97625,98462
Seychelles,SYC,Urban land area (sq. km),AG.LND.TOTL.UR.K2,..,..
Sierra Leone,SLE,CO2 emissions (kt),EN.ATM.CO2E.KT,1038.8,1048
Sierra Leone,SLE,GDP (constant 2015 US$),NY.GDP.MKTP.KD,5109620032.14241,5009037831.62026
Sierra Leone,SLE,"Population, total",SP.POP.TOTL,8046828,8233970
Sierra Leone,SLE,Urban land area (sq. km),AG.LND.TOTL.UR.K2,..,..
Singapore,SGP,CO2 emissions (kt),EN.ATM.CO2E.KT,45163.2,43705
Singapore,SGP,GDP (constant 2015 US$),NY.GDP.MKTP.KD,350120633535.177,336462240648.81
Singapore,SGP,"Population, total",SP.POP.TOTL,5703569,5685807
Singapore,SGP,Urban land area (sq. km),AG.LND.TOTL.UR.K2,..,..
Sint Maarten (Dutch part),SXM,CO2 emissions (kt),EN.ATM.CO2E.KT,..,..
Sint Maarten (Dutch part),SXM,GDP (constant 2015 US$),NY.GDP.MKTP.KD,1205504907.34664,1006596597.63444
Sint Maarten (Dutch part),SXM,"Population, total",SP.POP.TOTL,41608,42310
Sint Maarten (Dutch part),SXM,Urban land area (sq. km),AG.LND.TOTL.UR.K2,..,..
Slovak Republic,SVK,CO2 emissions (kt),EN.ATM.CO2E.KT,31032.5,29035.8
Slovak Republic,SVK,GDP (constant 2015 US$),NY.GDP.MKTP.KD,99487573316.907,96168424452.6254
Slovak Republic,SVK,"Population, total",SP.POP.TOTL,5454147,5458827
Slovak Republic,SVK,Urban land area (sq. km),AG.LND.TOTL.UR.K2,..,..
Slovenia,SVN,CO2 emissions (kt),EN.ATM.CO2E.KT,13665,12477.3
Slovenia,SVN,GDP (constant 2015 US$),NY.GDP.MKTP.KD,50383106847.7508,48205866431.4746
Slovenia,SVN,"Population, total",SP.POP.TOTL,2088385,2102419
Slovenia,SVN,Urban land area (sq. km),AG.LND.TOTL.UR.K2,..,..
Solomon Islands,SLB,CO2 emissions (kt),EN.ATM.CO2E.KT,304.8,223.3
Solomon Islands,SLB,GDP (constant 2015 US$),NY.GDP.MKTP.KD,1487673367.79239,1437373404.81621
Solomon Islands,SLB,"Population, total",SP.POP.TOTL,674993,691191
Solomon Islands,SLB,Urban land area (sq. km),AG.LND.TOTL.UR.K2,..,..
Somalia,SOM,CO2 emissions (kt),EN.ATM.CO2E.KT,655.7,660.4
Somalia,SOM,GDP (constant 2015 US$),NY.GDP.MKTP.KD,6847717217.9063,7018182533.58429
Somalia,SOM,"Population, total",SP.POP.TOTL,15981300,16537016
Somalia,SOM,Urban land area (sq. km),AG.LND.TOTL.UR.K2,..,..
South Africa,ZAF,CO2 emissions (kt),EN.ATM.CO2E.KT,446626,393241.6
South Africa,ZAF,GDP (constant 2015 US$),NY.GDP.MKTP.KD,359517584766.965,336715285676.484
South Africa,ZAF,"Population, total",SP.POP.TOTL,58087055,58801927
South Africa,ZAF,Urban land area (sq. km),AG.LND.TOTL.UR.K2,..,..
South Sudan,SSD,CO2 emissions (kt),EN.ATM.CO2E.KT,1824.6,1742.7
South Sudan,SSD,GDP (constant 2015 US$),NY.GDP.MKTP.KD,..,..
South Sudan,SSD,"Population, total",SP.POP.TOTL,10447666,10606227
South Sudan,SSD,Urban land area (sq. km),AG.LND.TOTL.UR.K2,..,..
Spain,ESP,CO2 emissions (kt),EN.ATM.CO2E.KT,241886.5,202705.8
Spain,ESP,GDP (constant 2015 US$),NY.GDP.MKTP.KD,1323918490148.05,1173978918108.98
Spain,ESP,"Population, total",SP.POP.TOTL,47134837,47365655
Spain,ESP,Urban land area (sq. km),AG.LND.TOTL.UR.K2,..,..
Sri Lanka,LKA,CO2 emissions (kt),EN.ATM.CO2E.KT,23427.9,21846.3
Sri Lanka,LKA,GDP (constant 2015 US$),NY.GDP.MKTP.KD,97207245963.4382,92711881498.5312
Sri Lanka,LKA,"Population, total",SP.POP.TOTL,21803000,21919000
Sri Lanka,LKA,Urban land area (sq. km),AG.LND.TOTL.UR.K2,..,..
St. Kitts and Nevis,KNA,CO2 emissions (kt),EN.ATM.CO2E.KT,247.5,231
St. Kitts and Nevis,KNA,GDP (constant 2015 US$),NY.GDP.MKTP.KD,1056218462.50023,902744324.95916
St. Kitts and Nevis,KNA,"Population, total",SP.POP.TOTL,47712,47642
St. Kitts and Nevis,KNA,Urban land area (sq. km),AG.LND.TOTL.UR.K2,..,..
St. Lucia,LCA,CO2 emissions (kt),EN.ATM.CO2E.KT,534.6,499.2
St. Lucia,LCA,GDP (constant 2015 US$),NY.GDP.MKTP.KD,1975251004.67896,1493967029.36348
St. Lucia,LCA,"Population, total",SP.POP.TOTL,178583,179237
St. Lucia,LCA,Urban land area (sq. km),AG.LND.TOTL.UR.K2,..,..
St. Martin (French part),MAF,CO2 emissions (kt),EN.ATM.CO2E.KT,..,..
St. Martin (French part),MAF,GDP (constant 2015 US$),NY.GDP.MKTP.KD,..,..
St. Martin (French part),MAF,"Population, total",SP.POP.TOTL,33121,32553
St. Martin (French part),MAF,Urban land area (sq. km),AG.LND.TOTL.UR.K2,..,..
St. Vincent and the Grenadines,VCT,CO2 emissions (kt),EN.ATM.CO2E.KT,235.1,219.8
St. Vincent and the Grenadines,VCT,GDP (constant 2015 US$),NY.GDP.MKTP.KD,863973013.628012,831665666.486486
St. Vincent and the Grenadines,VCT,"Population, total",SP.POP.TOTL,104924,104632
St. Vincent and the Grenadines,VCT,Urban land area (sq. km),AG.LND.TOTL.UR.K2,..,..
Sudan,SDN,CO2 emissions (kt),EN.ATM.CO2E.KT,22131.5,20796.1
Sudan,SDN,GDP (constant 2015 US$),NY.GDP.MKTP.KD,84303948701.9128,81243883277.1756
Sudan,SDN,"Population, total",SP.POP.TOTL,43232093,44440486
Sudan,SDN,Urban land area (sq. km),AG.LND.TOTL.UR.K2,..,..
Suriname,SUR,CO2 emissions (kt),EN.ATM.CO2E.KT,2656.82,2601.32
Suriname,SUR,GDP (constant 2015 US$),NY.GDP.MKTP.KD,5256328695.15542,4416619863.01972
Suriname,SUR,"Population, total",SP.POP.TOTL,600301,607065
Suriname,SUR,Urban land area (sq. km),AG.LND.TOTL.UR.K2,..,..
Sweden,SWE,CO2 emissions (kt),EN.ATM.CO2E.KT,34964.6,33576.1
Sweden,SWE,GDP (constant 2015 US$),NY.GDP.MKTP.KD,549821281946.735,537888988025.757
Sweden,SWE,"Population, total",SP.POP.TOTL,10278887,10353442
Sweden,SWE,Urban land area (sq. km),AG.LND.TOTL.UR.K2,..,..
Switzerland,CHE,CO2 emissions (kt),EN.ATM.CO2E.KT,37376.3,34916.1
Switzerland,CHE,GDP (constant 2015 US$),NY.GDP.MKTP.KD,747109782866.389,729361717205.744
Switzerland,CHE,"Population, total",SP.POP.TOTL,8575280,8638167
Switzerland,CHE,Urban land area (sq. km),AG.LND.TOTL.UR.K2,..,..
Syrian Arab Republic,SYR,CO2 emissions (kt),EN.ATM.CO2E.KT,26840.4,25234.6
Syrian Arab Republic,SYR,GDP (constant 2015 US$),NY.GDP.MKTP.KD,15704596816.7875,15096250725.9744
Syrian Arab Republic,SYR,"Population, total",SP.POP.TOTL,20098251,20772595
Syrian Arab Republic,SYR,Urban land area (sq. km),AG.LND.TOTL.UR.K2,..,..
Tajikistan,TJK,CO2 emissions (kt),EN.ATM.CO2E.KT,8965.7,9328.8
Tajikistan,TJK,GDP (constant 2015 US$),NY.GDP.MKTP.KD,10943706292.3456,11425229369.2088
Tajikistan,TJK,"Population, total",SP.POP.TOTL,9337003,9543207
Tajikistan,TJK,Urban land area (sq. km),AG.LND.TOTL.UR.K2,..,..
Tanzania,TZA,CO2 emissions (kt),EN.ATM.CO2E.KT,14960.8,14435.5
Tanzania,TZA,GDP (constant 2015 US$),NY.GDP.MKTP.KD,60318549849.2584,61520074013.3967
Tanzania,TZA,"Population, total",SP.POP.TOTL,59872579,61704518
Tanzania,TZA,Urban land area (sq. km),AG.LND.TOTL.UR.K2,..,..
Thailand,THA,CO2 emissions (kt),EN.ATM.CO2E.KT,274466.7,265478.9
Thailand,THA,GDP (constant 2015 US$),NY.GDP.MKTP.KD,460212753988.881,432291986906.542
Thailand,THA,"Population, total",SP.POP.TOTL,71307763,71475664
Thailand,THA,Urban land area (sq. km),AG.LND.TOTL.UR.K2,..,..
Timor-Leste,TLS,CO2 emissions (kt),EN.ATM.CO2E.KT,617.6,446.1
Timor-Leste,TLS,GDP (constant 2015 US$),NY.GDP.MKTP.KD,1960108677.0666,2585667337.83303
Timor-Leste,TLS,"Population, total",SP.POP.TOTL,1280438,1299995
Timor-Leste,TLS,Urban land area (sq. km),AG.LND.TOTL.UR.K2,..,..
Togo,TGO,CO2 emissions (kt),EN.ATM.CO2E.KT,2442.3,2415.1
Togo,TGO,GDP (constant 2015 US$),NY.GDP.MKTP.KD,6903532926.16514,7039928989.13103
Togo,TGO,"Population, total",SP.POP.TOTL,8243094,8442580
Togo,TGO,Urban land area (sq. km),AG.LND.TOTL.UR.K2,..,..
Tonga,TON,CO2 emissions (kt),EN.ATM.CO2E.KT,161.5,118.1
Tonga,TON,GDP (constant 2015 US$),NY.GDP.MKTP.KD,485760167.553332,488133811.894603
Tonga,TON,"Population, total",SP.POP.TOTL,104951,105254
Tonga,TON,Urban land area (sq. km),AG.LND.TOTL.UR.K2,..,..
Trinidad and Tobago,TTO,CO2 emissions (kt),EN.ATM.CO2E.KT,17195.3,15420
Trinidad and Tobago,TTO,GDP (constant 2015 US$),NY.GDP.MKTP.KD,23675479645.1272,21857597910.3117
Trinidad and Tobago,TTO,"Population, total",SP.POP.TOTL,1519955,1518147
Trinidad and Tobago,TTO,Urban land area (sq. km),AG.LND.TOTL.UR.K2,..,..
Tunisia,TUN,CO2 emissions (kt),EN.ATM.CO2E.KT,31045,29293
Tunisia,TUN,GDP (constant 2015 US$),NY.GDP.MKTP.KD,49340501875.358,44989716237.1098
Tunisia,TUN,"Population, total",SP.POP.TOTL,12049314,12161723
Tunisia,TUN,Urban land area (sq. km),AG.LND.TOTL.UR.K2,..,..
Turkiye,TUR,CO2 emissions (kt),EN.ATM.CO2E.KT,398772.9,407406.2
Turkiye,TUR,GDP (constant 2015 US$),NY.GDP.MKTP.KD,996386278399.184,1015716493489.77
Turkiye,TUR,"Population, total",SP.POP.TOTL,83481684,84135428
Turkiye,TUR,Urban land area (sq. km),AG.LND.TOTL.UR.K2,..,..
Turkmenistan,TKM,CO2 emissions (kt),EN.ATM.CO2E.KT,63231.8,63655
Turkmenistan,TKM,GDP (constant 2015 US$),NY.GDP.MKTP.KD,45710025794.8484,44155884917.8236
Turkmenistan,TKM,"Population, total",SP.POP.TOTL,6158420,6250438
Turkmenistan,TKM,Urban land area (sq. km),AG.LND.TOTL.UR.K2,..,..
Turks and Caicos Islands,TCA,CO2 emissions (kt),EN.ATM.CO2E.KT,..,..
Turks and Caicos Islands,TCA,GDP (constant 2015 US$),NY.GDP.MKTP.KD,1095902784.09258,802388490.184892
Turks and Caicos Islands,TCA,"Population, total",SP.POP.TOTL,43080,44276
Turks and Caicos Islands,TCA,Urban land area (sq. km),AG.LND.TOTL.UR.K2,..,..
Tuvalu,TUV,CO2 emissions (kt),EN.ATM.CO2E.KT,8.9,6.6
Tuvalu,TUV,GDP (constant 2015 US$),NY.GDP.MKTP.KD,45984952.4268072,44019173.1148639
Tuvalu,TUV,"Population, total",SP.POP.TOTL,10956,11069
Tuvalu,TUV,Urban land area (sq. km),AG.LND.TOTL.UR.K2,..,..
Uganda,UGA,CO2 emissions (kt),EN.ATM.CO2E.KT,5943,5674.6
Uganda,UGA,GDP (constant 2015 US$),NY.GDP.MKTP.KD,39600047067.367,40768765799.4204
Uganda,UGA,"Population, total",SP.POP.TOTL,42949080,44404611
Uganda,UGA,Urban land area (sq. km),AG.LND.TOTL.UR.K2,..,..
Ukraine,UKR,CO2 emissions (kt),EN.ATM.CO2E.KT,174599.9,165663.6
Ukraine,UKR,GDP (constant 2015 US$),NY.GDP.MKTP.KD,101944119875.733,98118356765.3793
Ukraine,UKR,"Population, total",SP.POP.TOTL,44386203,44132049
Ukraine,UKR,Urban land area (sq. km),AG.LND.TOTL.UR.K2,..,..
United Arab Emirates,ARE,CO2 emissions (kt),EN.ATM.CO2E.KT,185645.7,188088.7
United Arab Emirates,ARE,GDP (constant 2015 US$),NY.GDP.MKTP.KD,403336245504.457,383342656333.374
United Arab Emirates,ARE,"Population, total",SP.POP.TOTL,9211657,9287289
United Arab Emirates,ARE,Urban land area (sq. km),AG.LND.TOTL.UR.K2,..,..
United Kingdom,GBR,CO2 emissions (kt),EN.ATM.CO2E.KT,345934.3,308650.3
United Kingdom,GBR,GDP (constant 2015 US$),NY.GDP.MKTP.KD,3174163743964.48,2824026234231.55
United Kingdom,GBR,"Population, total",SP.POP.TOTL,66836327,67081234
United Kingdom,GBR,Urban land area (sq. km),AG.LND.TOTL.UR.K2,..,..
United States,USA,CO2 emissions (kt),EN.ATM.CO2E.KT,4817710.4,4320532.5
United States,USA,GDP (constant 2015 US$),NY.GDP.MKTP.KD,19928975197000,19377380521000
United States,USA,"Population, total",SP.POP.TOTL,328329953,331511512
United States,USA,Urban land area (sq. km),AG.LND.TOTL.UR.K2,..,..
Uruguay,URY,CO2 emissions (kt),EN.ATM.CO2E.KT,6806.7,6514.3
Uruguay,URY,GDP (constant 2015 US$),NY.GDP.MKTP.KD,60213860900.1675,56442680750.2415
Uruguay,URY,"Population, total",SP.POP.TOTL,3428409,3429086
Uruguay,URY,Urban land area (sq. km),AG.LND.TOTL.UR.K2,..,..
Uzbekistan,UZB,CO2 emissions (kt),EN.ATM.CO2E.KT,117687.8,115577.8
Uzbekistan,UZB,GDP (constant 2015 US$),NY.GDP.MKTP.KD,106964649237.802,109099219817.107
Uzbekistan,UZB,"Population, total",SP.POP.TOTL,33580350,34232050
Uzbekistan,UZB,Urban land area (sq. km),AG.LND.TOTL.UR.K2,..,..
Vanuatu,VUT,CO2 emissions (kt),EN.ATM.CO2E.KT,166.9,121.3
Vanuatu,VUT,GDP (constant 2015 US$),NY.GDP.MKTP.KD,864199387.831899,821054307.465827
Vanuatu,VUT,"Population, total",SP.POP.TOTL,304404,311685
Vanuatu,VUT,Urban land area (sq. km),AG.LND.TOTL.UR.K2,..,..
"Venezuela, RB",VEN,CO2 emissions (kt),EN.ATM.CO2E.KT,107502.3,72509
"Venezuela, RB",VEN,GDP (constant 2015 US$),NY.GDP.MKTP.KD,..,..
"Venezuela, RB",VEN,"Population, total",SP.POP.TOTL,28971683,28490453
"Venezuela, RB",VEN,Urban land area (sq. km),AG.LND.TOTL.UR.K2,..,..
Viet Nam,VNM,CO2 emissions (kt),EN.ATM.CO2E.KT,341716.8,355323.1
Viet Nam,VNM,GDP (constant 2015 US$),NY.GDP.MKTP.KD,314947658367.676,323972206194.572
Viet Nam,VNM,"Population, total",SP.POP.TOTL,95776716,96648685
Viet Nam,VNM,Urban land area (sq. km),AG.LND.TOTL.UR.K2,..,..
Virgin Islands (U.S.),VIR,CO2 emissions (kt),EN.ATM.CO2E.KT,..,..
Virgin Islands (U.S.),VIR,GDP (constant 2015 US$),NY.GDP.MKTP.KD,3869214781.21665,3786142475.98719
Virgin Islands (U.S.),VIR,"Population, total",SP.POP.TOTL,106669,106290
Virgin Islands (U.S.),VIR,Urban land area (sq. km),AG.LND.TOTL.UR.K2,..,..
West Bank and Gaza,PSE,CO2 emissions (kt),EN.ATM.CO2E.KT,..,..
West Bank and Gaza,PSE,GDP (constant 2015 US$),NY.GDP.MKTP.KD,15829000000,14037400000
West Bank and Gaza,PSE,"Population, total",SP.POP.TOTL,4685306,4803269
West Bank and Gaza,PSE,Urban land area (sq. km),AG.LND.TOTL.UR.K2,..,..
"Yemen, Rep.",YEM,CO2 emissions (kt),EN.ATM.CO2E.KT,11194.8,9960.1
"Yemen, Rep.",YEM,GDP (constant 2015 US$),NY.GDP.MKTP.KD,..,..
"Yemen, Rep.",YEM,"Population, total",SP.POP.TOTL,31546691,32284046
"Yemen, Rep.",YEM,Urban land area (sq. km),AG.LND.TOTL.UR.K2,..,..
Zambia,ZMB,CO2 emissions (kt),EN.ATM.CO2E.KT,7615.7,7607.1
Zambia,ZMB,GDP (constant 2015 US$),NY.GDP.MKTP.KD,24089861649.0155,23418945736.8993
Zambia,ZMB,"Population, total",SP.POP.TOTL,18380477,18927715
Zambia,ZMB,Urban land area (sq. km),AG.LND.TOTL.UR.K2,..,..
Zimbabwe,ZWE,CO2 emissions (kt),EN.ATM.CO2E.KT,10185.3,8312.5
Zimbabwe,ZWE,GDP (constant 2015 US$),NY.GDP.MKTP.KD,20621078646.8294,19009139106.1662
Zimbabwe,ZWE,"Population, total",SP.POP.TOTL,15354608,15669666
Zimbabwe,ZWE,Urban land area (sq. km),AG.LND.TOTL.UR.K2,..,..
Africa Eastern and Southern,AFE,CO2 emissions (kt),EN.ATM.CO2E.KT,610723.5,544952.503
Africa Eastern and Southern,AFE,GDP (constant 2015 US$),NY.GDP.MKTP.KD,1017367154946.31,987978667562.717
Africa Eastern and Southern,AFE,"Population, total",SP.POP.TOTL,667242986,685112979
Africa Eastern and Southern,AFE,Urban land area (sq. km),AG.LND.TOTL.UR.K2,..,..
Africa Western and Central,AFW,CO2 emissions (kt),EN.ATM.CO2E.KT,222990.35,215915.61
Africa Western and Central,AFW,GDP (constant 2015 US$),NY.GDP.MKTP.KD,835569083587.038,827816677402.033
Africa Western and Central,AFW,"Population, total",SP.POP.TOTL,454306063,466189102
Africa Western and Central,AFW,Urban land area (sq. km),AG.LND.TOTL.UR.K2,..,..
Arab World,ARB,CO2 emissions (kt),EN.ATM.CO2E.KT,1845846.37,1765052.9
Arab World,ARB,GDP (constant 2015 US$),NY.GDP.MKTP.KD,2784099427710.71,2642873335981.74
Arab World,ARB,"Population, total",SP.POP.TOTL,441467739,449228296
Arab World,ARB,Urban land area (sq. km),AG.LND.TOTL.UR.K2,..,..
Caribbean small states,CSS,CO2 emissions (kt),EN.ATM.CO2E.KT,37614.99,32776.99
Caribbean small states,CSS,GDP (constant 2015 US$),NY.GDP.MKTP.KD,75303938915.4378,68392977441.6391
Caribbean small states,CSS,"Population, total",SP.POP.TOTL,7424102,7444768
Caribbean small states,CSS,Urban land area (sq. km),AG.LND.TOTL.UR.K2,..,..
Central Europe and the Baltics,CEB,CO2 emissions (kt),EN.ATM.CO2E.KT,643612.1,598490.02
Central Europe and the Baltics,CEB,GDP (constant 2015 US$),NY.GDP.MKTP.KD,1523504685048.66,1471825815015.55
Central Europe and the Baltics,CEB,"Population, total",SP.POP.TOTL,102398537,102180124
Central Europe and the Baltics,CEB,Urban land area (sq. km),AG.LND.TOTL.UR.K2,..,..
Early-demographic dividend,EAR,CO2 emissions (kt),EN.ATM.CO2E.KT,7347348.73,6805648.307
Early-demographic dividend,EAR,GDP (constant 2015 US$),NY.GDP.MKTP.KD,11792888770983,11304509581651.5
Early-demographic dividend,EAR,"Population, total",SP.POP.TOTL,3335463995,3375134276
Early-demographic dividend,EAR,Urban land area (sq. km),AG.LND.TOTL.UR.K2,..,..
East Asia & Pacific,EAS,CO2 emissions (kt),EN.ATM.CO2E.KT,14703257.4,14708135.6
East Asia & Pacific,EAS,GDP (constant 2015 US$),NY.GDP.MKTP.KD,26342886256113.9,26311549426347.4
East Asia & Pacific,EAS,"Population, total",SP.POP.TOTL,2353862257,2363941755
East Asia & Pacific,EAS,Urban land area (sq. km),AG.LND.TOTL.UR.K2,..,..
East Asia & Pacific (excluding high income),EAP,CO2 emissions (kt),EN.ATM.CO2E.KT,12535996.7,12660698.2
East Asia & Pacific (excluding high income),EAP,GDP (constant 2015 US$),NY.GDP.MKTP.KD,17079952136205,17301975727093.5
East Asia & Pacific (excluding high income),EAP,"Population, total",SP.POP.TOTL,2106391925,2116378687
East Asia & Pacific (excluding high income),EAP,Urban land area (sq. km),AG.LND.TOTL.UR.K2,..,..
East Asia & Pacific (IDA & IBRD countries),TEA,CO2 emissions (kt),EN.ATM.CO2E.KT,12480501.7,12608302.4
East Asia & Pacific (IDA & IBRD countries),TEA,GDP (constant 2015 US$),NY.GDP.MKTP.KD,17058617281017.4,17280366479966.4
East Asia & Pacific (IDA & IBRD countries),TEA,"Population, total",SP.POP.TOTL,2080648616,2090523535
East Asia & Pacific (IDA & IBRD countries),TEA,Urban land area (sq. km),AG.LND.TOTL.UR.K2,..,..
Euro area,EMU,CO2 emissions (kt),EN.ATM.CO2E.KT,2095558.337,1872835.52
Euro area,EMU,GDP (constant 2015 US$),NY.GDP.MKTP.KD,12618890635984.5,11845049055370.4
Euro area,EMU,"Population, total",SP.POP.TOTL,342452734,342913447
Euro area,EMU,Urban land area (sq. km),AG.LND.TOTL.UR.K2,..,..
Europe & Central Asia,ECS,CO2 emissions (kt),EN.ATM.CO2E.KT,6034379.546716,5641772.700492
Europe & Central Asia,ECS,GDP (constant 2015 US$),NY.GDP.MKTP.KD,22346601711910.3,21095309435628.1
Europe & Central Asia,ECS,"Population, total",SP.POP.TOTL,921179725,923104113
Europe & Central Asia,ECS,Urban land area (sq. km),AG.LND.TOTL.UR.K2,..,..
Europe & Central Asia (excluding high income),ECA,CO2 emissions (kt),EN.ATM.CO2E.KT,2922190.2,2830714.8
Europe & Central Asia (excluding high income),ECA,GDP (constant 2015 US$),NY.GDP.MKTP.KD,3253242200569.4,3213995562705.9
Europe & Central Asia (excluding high income),ECA,"Population, total",SP.POP.TOTL,399592320,400811771
Europe & Central Asia (excluding high income),ECA,Urban land area (sq. km),AG.LND.TOTL.UR.K2,..,..
Europe & Central Asia (IDA & IBRD countries),TEC,CO2 emissions (kt),EN.ATM.CO2E.KT,3307604.6,3194229.5
Europe & Central Asia (IDA & IBRD countries),TEC,GDP (constant 2015 US$),NY.GDP.MKTP.KD,4100506921645.41,4036741517304.92
Europe & Central Asia (IDA & IBRD countries),TEC,"Population, total",SP.POP.TOTL,460994696,462023771
Europe & Central Asia (IDA & IBRD countries),TEC,Urban land area (sq. km),AG.LND.TOTL.UR.K2,..,..
European Union,EUU,CO2 emissions (kt),EN.ATM.CO2E.KT,2729768.437,2465025.42
European Union,EUU,GDP (constant 2015 US$),NY.GDP.MKTP.KD,14769099916681.3,13931345804476
European Union,EUU,"Population, total",SP.POP.TOTL,447367191,447692315
European Union,EUU,Urban land area (sq. km),AG.LND.TOTL.UR.K2,..,..
Fragile and conflict affected situations,FCS,CO2 emissions (kt),EN.ATM.CO2E.KT,854476.82,759327.426
Fragile and conflict affected situations,FCS,GDP (constant 2015 US$),NY.GDP.MKTP.KD,1826112954933.53,1745611832321.61
Fragile and conflict affected situations,FCS,"Population, total",SP.POP.TOTL,957785553,979763631
Fragile and conflict affected situations,FCS,Urban land area (sq. km),AG.LND.TOTL.UR.K2,..,..
Heavily indebted poor countries (HIPC),HPC,CO2 emissions (kt),EN.ATM.CO2E.KT,235656.82,224996.636
Heavily indebted poor countries (HIPC),HPC,GDP (constant 2015 US$),NY.GDP.MKTP.KD,827085297810.065,828710895594.716
Heavily indebted poor countries (HIPC),HPC,"Population, total",SP.POP.TOTL,815100831,838066650
Heavily indebted poor countries (HIPC),HPC,Urban land area (sq. km),AG.LND.TOTL.UR.K2,..,..
High income,HIC,CO2 emissions (kt),EN.ATM.CO2E.KT,11869050.116716,10864997.070492
High income,HIC,GDP (constant 2015 US$),NY.GDP.MKTP.KD,52428249025589.3,50204472008919.6
High income,HIC,"Population, total",SP.POP.TOTL,1236715327,1241726323
High income,HIC,Urban land area (sq. km),AG.LND.TOTL.UR.K2,..,..
IBRD only,IBD,CO2 emissions (kt),EN.ATM.CO2E.KT,21462940.42,20952613.307
IBRD only,IBD,GDP (constant 2015 US$),NY.GDP.MKTP.KD,30962528368576.6,30554700301187.7
IBRD only,IBD,"Population, total",SP.POP.TOTL,4833831131,4867842440
IBRD only,IBD,Urban land area (sq. km),AG.LND.TOTL.UR.K2,..,..
IDA & IBRD total,IBT,CO2 emissions (kt),EN.ATM.CO2E.KT,22406640.81,21862973.943
IDA & IBRD total,IBT,GDP (constant 2015 US$),NY.GDP.MKTP.KD,33455114478969.4,33037218759023.7
IDA & IBRD total,IBT,"Population, total",SP.POP.TOTL,6554880543,6628068247
IDA & IBRD total,IBT,Urban land area (sq. km),AG.LND.TOTL.UR.K2,..,..
IDA blend,IDB,CO2 emissions (kt),EN.ATM.CO2E.KT,478944.6,465301.4
IDA blend,IDB,GDP (constant 2015 US$),NY.GDP.MKTP.KD,1131350421472.08,1115646984893.04
IDA blend,IDB,"Population, total",SP.POP.TOTL,570633332,582637127
IDA blend,IDB,Urban land area (sq. km),AG.LND.TOTL.UR.K2,..,..
IDA only,IDX,CO2 emissions (kt),EN.ATM.CO2E.KT,464755.79,445059.236
IDA only,IDX,GDP (constant 2015 US$),NY.GDP.MKTP.KD,1360462672304.96,1365894309298.57
IDA only,IDX,"Population, total",SP.POP.TOTL,1150416080,1177588680
IDA only,IDX,Urban land area (sq. km),AG.LND.TOTL.UR.K2,..,..
IDA total,IDA,CO2 emissions (kt),EN.ATM.CO2E.KT,943700.39,910360.636
IDA total,IDA,GDP (constant 2015 US$),NY.GDP.MKTP.KD,2491813093777.04,2481541294191.6
IDA total,IDA,"Population, total",SP.POP.TOTL,1721049412,1760225807
IDA total,IDA,Urban land area (sq. km),AG.LND.TOTL.UR.K2,..,..
Late-demographic dividend,LTE,CO2 emissions (kt),EN.ATM.CO2E.KT,15468044.3,15488347.62
Late-demographic dividend,LTE,GDP (constant 2015 US$),NY.GDP.MKTP.KD,22513641745541.2,22552979511884.2
Late-demographic dividend,LTE,"Population, total",SP.POP.TOTL,2309491804,2317278934
Late-demographic dividend,LTE,Urban land area (sq. km),AG.LND.TOTL.UR.K2,..,..
Latin America & Caribbean,LCN,CO2 emissions (kt),EN.ATM.CO2E.KT,1620695.03,1438080.03
Latin America & Caribbean,LCN,GDP (constant 2015 US$),NY.GDP.MKTP.KD,5598704122651.55,5237530478280.9
Latin America & Caribbean,LCN,"Population, total",SP.POP.TOTL,645295804,650534986
Latin America & Caribbean,LCN,Urban land area (sq. km),AG.LND.TOTL.UR.K2,..,..
Latin America & Caribbean (excluding high income),LAC,CO2 emissions (kt),EN.ATM.CO2E.KT,1376833.06,1242200.06
Latin America & Caribbean (excluding high income),LAC,GDP (constant 2015 US$),NY.GDP.MKTP.KD,4781939680654.21,4478832526033.4
Latin America & Caribbean (excluding high income),LAC,"Population, total",SP.POP.TOTL,582701622,588011178
Latin America & Caribbean (excluding high income),LAC,Urban land area (sq. km),AG.LND.TOTL.UR.K2,..,..
Latin America & the Caribbean (IDA & IBRD countries),TLA,CO2 emissions (kt),EN.ATM.CO2E.KT,1592486.56,1410200.16
Latin America & the Caribbean (IDA & IBRD countries),TLA,GDP (constant 2015 US$),NY.GDP.MKTP.KD,5372427536273.7,5031278107358.19
Latin America & the Caribbean (IDA & IBRD countries),TLA,"Population, total",SP.POP.TOTL,629515571,634680385
Latin America & the Caribbean (IDA & IBRD countries),TLA,Urban land area (sq. km),AG.LND.TOTL.UR.K2,..,..
Least developed countries: UN classification,LDC,CO2 emissions (kt),EN.ATM.CO2E.KT,370595.59,351230.476
Least developed countries: UN classification,LDC,GDP (constant 2015 US$),NY.GDP.MKTP.KD,1134079548554.4,1141902329513.74
Least developed countries: UN classification,LDC,"Population, total",SP.POP.TOTL,1048193552,1073743450
Least developed countries: UN classification,LDC,Urban land area (sq. km),AG.LND.TOTL.UR.K2,..,..
Low & middle income,LMY,CO2 emissions (kt),EN.ATM.CO2E.KT,21860472.61,21383256.243
Low & middle income,LMY,GDP (constant 2015 US$),NY.GDP.MKTP.KD,31999466802372,31629445933267.3
Low & middle income,LMY,"Population, total",SP.POP.TOTL,6476995208,6550746999
Low & middle income,LMY,Urban land area (sq. km),AG.LND.TOTL.UR.K2,..,..
Low income,LIC,CO2 emissions (kt),EN.ATM.CO2E.KT,191195.28,179664.936
Low income,LIC,GDP (constant 2015 US$),NY.GDP.MKTP.KD,504680637600.891,504776295729.988
Low income,LIC,"Population, total",SP.POP.TOTL,648755452,667053670
Low income,LIC,Urban land area (sq. km),AG.LND.TOTL.UR.K2,..,..
Lower middle income,LMC,CO2 emissions (kt),EN.ATM.CO2E.KT,5122757.31,4819595.8
Lower middle income,LMC,GDP (constant 2015 US$),NY.GDP.MKTP.KD,6893508042877.61,6682391990590.89
Lower middle income,LMC,"Population, total",SP.POP.TOTL,3075311775,3117225754
Lower middle income,LMC,Urban land area (sq. km),AG.LND.TOTL.UR.K2,..,..
Middle East & North Africa,MEA,CO2 emissions (kt),EN.ATM.CO2E.KT,2508614.57,2416064.9
Middle East & North Africa,MEA,GDP (constant 2015 US$),NY.GDP.MKTP.KD,3491743195352.24,3360039244041.97
Middle East & North Africa,MEA,"Population, total",SP.POP.TOTL,473201775,479966649
Middle East & North Africa,MEA,Urban land area (sq. km),AG.LND.TOTL.UR.K2,..,..
Middle East & North Africa (excluding high income),MNA,CO2 emissions (kt),EN.ATM.CO2E.KT,1439681.67,1370939
Middle East & North Africa (excluding high income),MNA,GDP (constant 2015 US$),NY.GDP.MKTP.KD,1605864682822,1553530492546.9
Middle East & North Africa (excluding high income),MNA,"Population, total",SP.POP.TOTL,405259403,411810124
Middle East & North Africa (excluding high income),MNA,Urban land area (sq. km),AG.LND.TOTL.UR.K2,..,..
Middle East & North Africa (IDA & IBRD countries),TMN,CO2 emissions (kt),EN.ATM.CO2E.KT,1439681.67,1370939
Middle East & North Africa (IDA & IBRD countries),TMN,GDP (constant 2015 US$),NY.GDP.MKTP.KD,1590035682822,1539493092546.9
Middle East & North Africa (IDA & IBRD countries),TMN,"Population, total",SP.POP.TOTL,400574097,407006855
Middle East & North Africa (IDA & IBRD countries),TMN,Urban land area (sq. km),AG.LND.TOTL.UR.K2,..,..
Middle income,MIC,CO2 emissions (kt),EN.ATM.CO2E.KT,21669277.33,21203591.307
Middle income,MIC,GDP (constant 2015 US$),NY.GDP.MKTP.KD,31496865059004.6,31126976176060.5
Middle income,MIC,"Population, total",SP.POP.TOTL,5828239756,5883693329
Middle income,MIC,Urban land area (sq. km),AG.LND.TOTL.UR.K2,..,..
North America,NAC,CO2 emissions (kt),EN.ATM.CO2E.KT,5383712.2,4837406.2
North America,NAC,GDP (constant 2015 US$),NY.GDP.MKTP.KD,21632122771354.5,20993983653463.6
North America,NAC,"Population, total",SP.POP.TOTL,365995094,369582571
North America,NAC,Urban land area (sq. km),AG.LND.TOTL.UR.K2,..,..
Not classified,INX,CO2 emissions (kt),EN.ATM.CO2E.KT,..,..
Not classified,INX,GDP (constant 2015 US$),NY.GDP.MKTP.KD,..,..
Not classified,INX,"Population, total",SP.POP.TOTL,..,..
Not classified,INX,Urban land area (sq. km),AG.LND.TOTL.UR.K2,..,..
OECD members,OED,CO2 emissions (kt),EN.ATM.CO2E.KT,11605058.237,10570775.72
OECD members,OED,GDP (constant 2015 US$),NY.GDP.MKTP.KD,51525982703145.5,49354976881795.6
OECD members,OED,"Population, total",SP.POP.TOTL,1362922537,1370222158
OECD members,OED,Urban land area (sq. km),AG.LND.TOTL.UR.K2,..,..
Other small states,OSS,CO2 emissions (kt),EN.ATM.CO2E.KT,189059.37,181678.207
Other small states,OSS,GDP (constant 2015 US$),NY.GDP.MKTP.KD,403729687292.71,384112018040.417
Other small states,OSS,"Population, total",SP.POP.TOTL,32005477,32381464
Other small states,OSS,Urban land area (sq. km),AG.LND.TOTL.UR.K2,..,..
Pacific island small states,PSS,CO2 emissions (kt),EN.ATM.CO2E.KT,2959.2,2178
Pacific island small states,PSS,GDP (constant 2015 US$),NY.GDP.MKTP.KD,10136765111.8165,9094654532.75045
Pacific island small states,PSS,"Population, total",SP.POP.TOTL,2536070,2566819
Pacific island small states,PSS,Urban land area (sq. km),AG.LND.TOTL.UR.K2,..,..
Post-demographic dividend,PST,CO2 emissions (kt),EN.ATM.CO2E.KT,10513545.907,9555830.37
Post-demographic dividend,PST,GDP (constant 2015 US$),NY.GDP.MKTP.KD,48289993252046.4,46155532167637.6
Post-demographic dividend,PST,"Population, total",SP.POP.TOTL,1113310738,1117424113
Post-demographic dividend,PST,Urban land area (sq. km),AG.LND.TOTL.UR.K2,..,..
Pre-demographic dividend,PRE,CO2 emissions (kt),EN.ATM.CO2E.KT,506463.28,469494.036
Pre-demographic dividend,PRE,GDP (constant 2015 US$),NY.GDP.MKTP.KD,1467675353572.17,1430769362435.12
Pre-demographic dividend,PRE,"Population, total",SP.POP.TOTL,957503246,984213438
Pre-demographic dividend,PRE,Urban land area (sq. km),AG.LND.TOTL.UR.K2,..,..
Small states,SST,CO2 emissions (kt),EN.ATM.CO2E.KT,229633.56,216633.197
Small states,SST,GDP (constant 2015 US$),NY.GDP.MKTP.KD,489170391319.964,461599650014.806
Small states,SST,"Population, total",SP.POP.TOTL,41965649,42393051
Small states,SST,Urban land area (sq. km),AG.LND.TOTL.UR.K2,..,..
South Asia,SAS,CO2 emissions (kt),EN.ATM.CO2E.KT,2752652.43,2518434.77
South Asia,SAS,GDP (constant 2015 US$),NY.GDP.MKTP.KD,3429266120380.17,3269411346139.36
South Asia,SAS,"Population, total",SP.POP.TOTL,1861598514,1882531620
South Asia,SAS,Urban land area (sq. km),AG.LND.TOTL.UR.K2,..,..
South Asia (IDA & IBRD),TSA,CO2 emissions (kt),EN.ATM.CO2E.KT,2752652.43,2518434.77
South Asia (IDA & IBRD),TSA,GDP (constant 2015 US$),NY.GDP.MKTP.KD,3429266120380.17,3269411346139.36
South Asia (IDA & IBRD),TSA,"Population, total",SP.POP.TOTL,1861598514,1882531620
South Asia (IDA & IBRD),TSA,Urban land area (sq. km),AG.LND.TOTL.UR.K2,..,..
Sub-Saharan Africa,SSF,CO2 emissions (kt),EN.ATM.CO2E.KT,833713.85,760868.113
Sub-Saharan Africa,SSF,GDP (constant 2015 US$),NY.GDP.MKTP.KD,1852936238533.34,1815795344964.75
Sub-Saharan Africa,SSF,"Population, total",SP.POP.TOTL,1121549049,1151302081
Sub-Saharan Africa,SSF,Urban land area (sq. km),AG.LND.TOTL.UR.K2,..,..
Sub-Saharan Africa (excluding high income),SSA,CO2 emissions (kt),EN.ATM.CO2E.KT,833118.55,760269.413
Sub-Saharan Africa (excluding high income),SSA,GDP (constant 2015 US$),NY.GDP.MKTP.KD,1851301279145.6,1814301796589.92
Sub-Saharan Africa (excluding high income),SSA,"Population, total",SP.POP.TOTL,1121451424,1151203619
Sub-Saharan Africa (excluding high income),SSA,Urban land area (sq. km),AG.LND.TOTL.UR.K2,..,..
Sub-Saharan Africa (IDA & IBRD countries),TSS,CO2 emissions (kt),EN.ATM.CO2E.KT,833713.85,760868.113
Sub-Saharan Africa (IDA & IBRD countries),TSS,GDP (constant 2015 US$),NY.GDP.MKTP.KD,1852936238533.34,1815795344964.75
Sub-Saharan Africa (IDA & IBRD countries),TSS,"Population, total",SP.POP.TOTL,1121549049,1151302081
Sub-Saharan Africa (IDA & IBRD countries),TSS,Urban land area (sq. km),AG.LND.TOTL.UR.K2,..,..
Upper middle income,UMC,CO2 emissions (kt),EN.ATM.CO2E.KT,16546520.02,16383995.507
Upper middle income,UMC,GDP (constant 2015 US$),NY.GDP.MKTP.KD,24603357016127,24444584185469.6
Upper middle income,UMC,"Population, total",SP.POP.TOTL,2752927981,2766467575
Upper middle income,UMC,Urban land area (sq. km),AG.LND.TOTL.UR.K2,..,..
World,WLD,CO2 emissions (kt),EN.ATM.CO2E.KT,35477245.4,33566427.59
World,WLD,GDP (constant 2015 US$),NY.GDP.MKTP.KD,84720153872486.5,82117359707107.6
World,WLD,"Population, total",SP.POP.TOTL,7742682218,7820963775
World,WLD,Urban land area (sq. km),AG.LND.TOTL.UR.K2,..,..
,,,,,
,,,,,
,,,,,
Data from database: World Development Indicators,,,,,
Last Updated: 10/26/2023,,,,,
